VGS_V,VDS_V,Temperature_C,Width_um,Length_um,ID_mA
0.0,0.0,0,2.0,0.18,1.0478523300000001e-13
0.2,0.0,0,2.0,0.18,-0.0
0.4,0.0,0,2.0,0.18,-0.0
0.6,0.0,0,2.0,0.18,-0.0
0.8,0.0,0,2.0,0.18,-0.0
1.0,0.0,0,2.0,0.18,-0.0
1.2,0.0,0,2.0,0.18,-0.0
1.4,0.0,0,2.0,0.18,-0.0
1.6,0.0,0,2.0,0.18,-0.0
1.8,0.0,0,2.0,0.18,-0.0
0.0,0.2,0,2.0,0.18,2.00104785e-10
0.2,0.2,0,2.0,0.18,2.00104785e-10
0.4,0.2,0,2.0,0.18,2.00104785e-10
0.6,0.2,0,2.0,0.18,2.00104785e-10
0.8,0.2,0,2.0,0.18,0.00694264592
1.0,0.2,0,2.0,0.18,0.089180048
1.2,0.2,0,2.0,0.18,0.191978578
1.4,0.2,0,2.0,0.18,0.29477710799999995
1.6,0.2,0,2.0,0.18,0.397575638
1.8,0.2,0,2.0,0.18,0.500374168
0.0,0.4,0,2.0,0.18,4.00104785e-10
0.2,0.4,0,2.0,0.18,4.00104785e-10
0.4,0.4,0,2.0,0.18,4.00104785e-10
0.6,0.4,0,2.0,0.18,4.00104785e-10
0.8,0.4,0,2.0,0.18,0.0069703060600000005
1.0,0.4,0,2.0,0.18,0.0965056529
1.2,0.4,0,2.0,0.18,0.28227878
1.4,0.4,0,2.0,0.18,0.488694952
1.6,0.4,0,2.0,0.18,0.6951111240000001
1.8,0.4,0,2.0,0.18,0.9015272959999999
0.0,0.6,0,2.0,0.18,6.001047849999999e-10
0.2,0.6,0,2.0,0.18,6.001047849999999e-10
0.4,0.6,0,2.0,0.18,6.001047849999999e-10
0.6,0.6,0,2.0,0.18,6.001047849999999e-10
0.8,0.6,0,2.0,0.18,0.00699796621
1.0,0.6,0,2.0,0.18,0.096888612
1.2,0.6,0,2.0,0.18,0.29039689999999996
1.4,0.6,0,2.0,0.18,0.580524864
1.6,0.6,0,2.0,0.18,0.8913777890000001
1.8,0.6,0,2.0,0.18,1.20223071
0.0,0.8,0,2.0,0.18,8.00104785e-10
0.2,0.8,0,2.0,0.18,8.00104785e-10
0.4,0.8,0,2.0,0.18,8.00104785e-10
0.6,0.8,0,2.0,0.18,8.00104785e-10
0.8,0.8,0,2.0,0.18,0.00702562635
1.0,0.8,0,2.0,0.18,0.0972715712
1.2,0.8,0,2.0,0.18,0.291544714
1.4,0.8,0,2.0,0.18,0.589845054
1.6,0.8,0,2.0,0.18,0.9851469669999999
1.8,0.8,0,2.0,0.18,1.40125576
0.0,1.0,0,2.0,0.18,1.00010479e-09
0.2,1.0,0,2.0,0.18,1.00010479e-09
0.4,1.0,0,2.0,0.18,1.00010479e-09
0.6,1.0,0,2.0,0.18,1.00010479e-09
0.8,1.0,0,2.0,0.18,0.0070532864899999995
1.0,1.0,0,2.0,0.18,0.0976545303
1.2,1.0,0,2.0,0.18,0.292692528
1.4,1.0,0,2.0,0.18,0.592167279
1.6,1.0,0,2.0,0.18,0.9960787839999999
1.8,1.0,0,2.0,0.18,1.4973737599999999
0.0,1.2,0,2.0,0.18,1.20010479e-09
0.2,1.2,0,2.0,0.18,1.20010479e-09
0.4,1.2,0,2.0,0.18,1.20010479e-09
0.6,1.2,0,2.0,0.18,1.20010479e-09
0.8,1.2,0,2.0,0.18,0.00708094663
1.0,1.2,0,2.0,0.18,0.0980374894
1.2,1.2,0,2.0,0.18,0.29384034200000003
1.4,1.2,0,2.0,0.18,0.594489504
1.6,1.2,0,2.0,0.18,0.9999849749999999
1.8,1.2,0,2.0,0.18,1.5103267599999999
0.0,1.4,0,2.0,0.18,1.40010479e-09
0.2,1.4,0,2.0,0.18,1.40010479e-09
0.4,1.4,0,2.0,0.18,1.40010479e-09
0.6,1.4,0,2.0,0.18,1.40010479e-09
0.8,1.4,0,2.0,0.18,0.0071086067799999994
1.0,1.4,0,2.0,0.18,0.0984204486
1.2,1.4,0,2.0,0.18,0.294988156
1.4,1.4,0,2.0,0.18,0.5968117289999999
1.6,1.4,0,2.0,0.18,1.00389117
1.8,1.4,0,2.0,0.18,1.5162264699999999
0.0,1.6,0,2.0,0.18,1.6001047900000001e-09
0.2,1.6,0,2.0,0.18,1.6001047900000001e-09
0.4,1.6,0,2.0,0.18,1.6001047900000001e-09
0.6,1.6,0,2.0,0.18,1.6001047900000001e-09
0.8,1.6,0,2.0,0.18,0.00713626692
1.0,1.6,0,2.0,0.18,0.0988034077
1.2,1.6,0,2.0,0.18,0.29613597
1.4,1.6,0,2.0,0.18,0.599133953
1.6,1.6,0,2.0,0.18,1.00779736
1.8,1.6,0,2.0,0.18,1.52212618
0.0,1.8,0,2.0,0.18,1.80010479e-09
0.2,1.8,0,2.0,0.18,1.80010479e-09
0.4,1.8,0,2.0,0.18,1.80010479e-09
0.6,1.8,0,2.0,0.18,1.80010479e-09
0.8,1.8,0,2.0,0.18,0.007163927059999999
1.0,1.8,0,2.0,0.18,0.0991863669
1.2,1.8,0,2.0,0.18,0.297283784
1.4,1.8,0,2.0,0.18,0.6014561780000001
1.6,1.8,0,2.0,0.18,1.01170355
1.8,1.8,0,2.0,0.18,1.5280259
0.0,0.0,0,2.0,0.5,1.0478523300000001e-13
0.2,0.0,0,2.0,0.5,-0.0
0.4,0.0,0,2.0,0.5,-0.0
0.6,0.0,0,2.0,0.5,-0.0
0.8,0.0,0,2.0,0.5,-0.0
1.0,0.0,0,2.0,0.5,-0.0
1.2,0.0,0,2.0,0.5,-0.0
1.4,0.0,0,2.0,0.5,-0.0
1.6,0.0,0,2.0,0.5,-0.0
1.8,0.0,0,2.0,0.5,-0.0
0.0,0.2,0,2.0,0.5,2.00104785e-10
0.2,0.2,0,2.0,0.5,2.00104785e-10
0.4,0.2,0,2.0,0.5,2.00104785e-10
0.6,0.2,0,2.0,0.5,2.00104785e-10
0.8,0.2,0,2.0,0.5,0.00249935266
1.0,0.2,0,2.0,0.5,0.0321048174
1.2,0.2,0,2.0,0.5,0.0691122882
1.4,0.2,0,2.0,0.5,0.106119759
1.6,0.2,0,2.0,0.5,0.14312723
1.8,0.2,0,2.0,0.5,0.180134701
0.0,0.4,0,2.0,0.5,4.00104785e-10
0.2,0.4,0,2.0,0.5,4.00104785e-10
0.4,0.4,0,2.0,0.5,4.00104785e-10
0.6,0.4,0,2.0,0.5,4.00104785e-10
0.8,0.4,0,2.0,0.5,0.00250931044
1.0,0.4,0,2.0,0.5,0.034742035299999995
1.2,0.4,0,2.0,0.5,0.101620361
1.4,0.4,0,2.0,0.5,0.17593018300000002
1.6,0.4,0,2.0,0.5,0.25024000500000004
1.8,0.4,0,2.0,0.5,0.324549827
0.0,0.6,0,2.0,0.5,6.001047849999999e-10
0.2,0.6,0,2.0,0.5,6.001047849999999e-10
0.4,0.6,0,2.0,0.5,6.001047849999999e-10
0.6,0.6,0,2.0,0.5,6.001047849999999e-10
0.8,0.6,0,2.0,0.5,0.0025192682200000003
1.0,0.6,0,2.0,0.5,0.0348799007
1.2,0.6,0,2.0,0.5,0.10454288399999999
1.4,0.6,0,2.0,0.5,0.208988951
1.6,0.6,0,2.0,0.5,0.320896004
1.8,0.6,0,2.0,0.5,0.43280305799999996
0.0,0.8,0,2.0,0.5,8.00104785e-10
0.2,0.8,0,2.0,0.5,8.00104785e-10
0.4,0.8,0,2.0,0.5,8.00104785e-10
0.6,0.8,0,2.0,0.5,8.00104785e-10
0.8,0.8,0,2.0,0.5,0.0025292260000000003
1.0,0.8,0,2.0,0.5,0.0350177661
1.2,0.8,0,2.0,0.5,0.104956097
1.4,0.8,0,2.0,0.5,0.21234422
1.6,0.8,0,2.0,0.5,0.354652908
1.8,0.8,0,2.0,0.5,0.504452073
0.0,1.0,0,2.0,0.5,1.00010479e-09
0.2,1.0,0,2.0,0.5,1.00010479e-09
0.4,1.0,0,2.0,0.5,1.00010479e-09
0.6,1.0,0,2.0,0.5,1.00010479e-09
0.8,1.0,0,2.0,0.5,0.00253918378
1.0,1.0,0,2.0,0.5,0.0351556316
1.2,1.0,0,2.0,0.5,0.10536931100000001
1.4,1.0,0,2.0,0.5,0.213180221
1.6,1.0,0,2.0,0.5,0.35858836299999997
1.8,1.0,0,2.0,0.5,0.539054553
0.0,1.2,0,2.0,0.5,1.20010479e-09
0.2,1.2,0,2.0,0.5,1.20010479e-09
0.4,1.2,0,2.0,0.5,1.20010479e-09
0.6,1.2,0,2.0,0.5,1.20010479e-09
0.8,1.2,0,2.0,0.5,0.00254914156
1.0,1.2,0,2.0,0.5,0.035293497
1.2,1.2,0,2.0,0.5,0.105782524
1.4,1.2,0,2.0,0.5,0.214016222
1.6,1.2,0,2.0,0.5,0.359994592
1.8,1.2,0,2.0,0.5,0.543717633
0.0,1.4,0,2.0,0.5,1.40010479e-09
0.2,1.4,0,2.0,0.5,1.40010479e-09
0.4,1.4,0,2.0,0.5,1.40010479e-09
0.6,1.4,0,2.0,0.5,1.40010479e-09
0.8,1.4,0,2.0,0.5,0.00255909934
1.0,1.4,0,2.0,0.5,0.0354313624
1.2,1.4,0,2.0,0.5,0.106195737
1.4,1.4,0,2.0,0.5,0.214852223
1.6,1.4,0,2.0,0.5,0.361400821
1.8,1.4,0,2.0,0.5,0.54584153
0.0,1.6,0,2.0,0.5,1.6001047900000001e-09
0.2,1.6,0,2.0,0.5,1.6001047900000001e-09
0.4,1.6,0,2.0,0.5,1.6001047900000001e-09
0.6,1.6,0,2.0,0.5,1.6001047900000001e-09
0.8,1.6,0,2.0,0.5,0.00256905712
1.0,1.6,0,2.0,0.5,0.0355692278
1.2,1.6,0,2.0,0.5,0.10660895000000001
1.4,1.6,0,2.0,0.5,0.215688224
1.6,1.6,0,2.0,0.5,0.36280705
1.8,1.6,0,2.0,0.5,0.547965427
0.0,1.8,0,2.0,0.5,1.80010479e-09
0.2,1.8,0,2.0,0.5,1.80010479e-09
0.4,1.8,0,2.0,0.5,1.80010479e-09
0.6,1.8,0,2.0,0.5,1.80010479e-09
0.8,1.8,0,2.0,0.5,0.0025790148899999996
1.0,1.8,0,2.0,0.5,0.0357070932
1.2,1.8,0,2.0,0.5,0.107022163
1.4,1.8,0,2.0,0.5,0.216524225
1.6,1.8,0,2.0,0.5,0.364213279
1.8,1.8,0,2.0,0.5,0.5500893250000001
0.0,0.0,0,2.0,1.0,1.0478523300000001e-13
0.2,0.0,0,2.0,1.0,-0.0
0.4,0.0,0,2.0,1.0,-0.0
0.6,0.0,0,2.0,1.0,-0.0
0.8,0.0,0,2.0,1.0,-0.0
1.0,0.0,0,2.0,1.0,-0.0
1.2,0.0,0,2.0,1.0,-0.0
1.4,0.0,0,2.0,1.0,-0.0
1.6,0.0,0,2.0,1.0,-0.0
1.8,0.0,0,2.0,1.0,-0.0
0.0,0.2,0,2.0,1.0,2.00104785e-10
0.2,0.2,0,2.0,1.0,2.00104785e-10
0.4,0.2,0,2.0,1.0,2.00104785e-10
0.6,0.2,0,2.0,1.0,2.00104785e-10
0.8,0.2,0,2.0,1.0,0.00124967643
1.0,0.2,0,2.0,1.0,0.0160524088
1.2,0.2,0,2.0,1.0,0.0345561442
1.4,0.2,0,2.0,1.0,0.053059879600000005
1.6,0.2,0,2.0,1.0,0.071563615
1.8,0.2,0,2.0,1.0,0.0900673505
0.0,0.4,0,2.0,1.0,4.00104785e-10
0.2,0.4,0,2.0,1.0,4.00104785e-10
0.4,0.4,0,2.0,1.0,4.00104785e-10
0.6,0.4,0,2.0,1.0,4.00104785e-10
0.8,0.4,0,2.0,1.0,0.0012546554200000002
1.0,0.4,0,2.0,1.0,0.0173710178
1.2,0.4,0,2.0,1.0,0.0508101807
1.4,0.4,0,2.0,1.0,0.0879650917
1.6,0.4,0,2.0,1.0,0.125120003
1.8,0.4,0,2.0,1.0,0.162274914
0.0,0.6,0,2.0,1.0,6.001047849999999e-10
0.2,0.6,0,2.0,1.0,6.001047849999999e-10
0.4,0.6,0,2.0,1.0,6.001047849999999e-10
0.6,0.6,0,2.0,1.0,6.001047849999999e-10
0.8,0.6,0,2.0,1.0,0.00125963441
1.0,0.6,0,2.0,1.0,0.0174399507
1.2,0.6,0,2.0,1.0,0.0522714424
1.4,0.6,0,2.0,1.0,0.104494476
1.6,0.6,0,2.0,1.0,0.160448003
1.8,0.6,0,2.0,1.0,0.21640152899999998
0.0,0.8,0,2.0,1.0,8.00104785e-10
0.2,0.8,0,2.0,1.0,8.00104785e-10
0.4,0.8,0,2.0,1.0,8.00104785e-10
0.6,0.8,0,2.0,1.0,8.00104785e-10
0.8,0.8,0,2.0,1.0,0.0012646134
1.0,0.8,0,2.0,1.0,0.0175088835
1.2,0.8,0,2.0,1.0,0.0524780491
1.4,0.8,0,2.0,1.0,0.10617211
1.6,0.8,0,2.0,1.0,0.177326455
1.8,0.8,0,2.0,1.0,0.252226037
0.0,1.0,0,2.0,1.0,1.00010479e-09
0.2,1.0,0,2.0,1.0,1.00010479e-09
0.4,1.0,0,2.0,1.0,1.00010479e-09
0.6,1.0,0,2.0,1.0,1.00010479e-09
0.8,1.0,0,2.0,1.0,0.0012695923900000001
1.0,1.0,0,2.0,1.0,0.0175778163
1.2,1.0,0,2.0,1.0,0.052684655799999994
1.4,1.0,0,2.0,1.0,0.106590111
1.6,1.0,0,2.0,1.0,0.17929418200000002
1.8,1.0,0,2.0,1.0,0.269527277
0.0,1.2,0,2.0,1.0,1.20010479e-09
0.2,1.2,0,2.0,1.0,1.20010479e-09
0.4,1.2,0,2.0,1.0,1.20010479e-09
0.6,1.2,0,2.0,1.0,1.20010479e-09
0.8,1.2,0,2.0,1.0,0.00127457138
1.0,1.2,0,2.0,1.0,0.0176467491
1.2,1.2,0,2.0,1.0,0.0528912625
1.4,1.2,0,2.0,1.0,0.107008112
1.6,1.2,0,2.0,1.0,0.179997297
1.8,1.2,0,2.0,1.0,0.27185881700000003
0.0,1.4,0,2.0,1.0,1.40010479e-09
0.2,1.4,0,2.0,1.0,1.40010479e-09
0.4,1.4,0,2.0,1.0,1.40010479e-09
0.6,1.4,0,2.0,1.0,1.40010479e-09
0.8,1.4,0,2.0,1.0,0.00127955037
1.0,1.4,0,2.0,1.0,0.0177156819
1.2,1.4,0,2.0,1.0,0.053097869199999995
1.4,1.4,0,2.0,1.0,0.107426112
1.6,1.4,0,2.0,1.0,0.180700411
1.8,1.4,0,2.0,1.0,0.272920766
0.0,1.6,0,2.0,1.0,1.6001047900000001e-09
0.2,1.6,0,2.0,1.0,1.6001047900000001e-09
0.4,1.6,0,2.0,1.0,1.6001047900000001e-09
0.6,1.6,0,2.0,1.0,1.6001047900000001e-09
0.8,1.6,0,2.0,1.0,0.0012845293599999998
1.0,1.6,0,2.0,1.0,0.0177846147
1.2,1.6,0,2.0,1.0,0.0533044759
1.4,1.6,0,2.0,1.0,0.107844113
1.6,1.6,0,2.0,1.0,0.181403526
1.8,1.6,0,2.0,1.0,0.273982714
0.0,1.8,0,2.0,1.0,1.80010479e-09
0.2,1.8,0,2.0,1.0,1.80010479e-09
0.4,1.8,0,2.0,1.0,1.80010479e-09
0.6,1.8,0,2.0,1.0,1.80010479e-09
0.8,1.8,0,2.0,1.0,0.0012895083499999999
1.0,1.8,0,2.0,1.0,0.0178535475
1.2,1.8,0,2.0,1.0,0.053511082599999996
1.4,1.8,0,2.0,1.0,0.108262114
1.6,1.8,0,2.0,1.0,0.18210664000000001
1.8,1.8,0,2.0,1.0,0.275044663
0.0,0.0,0,5.0,0.18,1.0478523300000001e-13
0.2,0.0,0,5.0,0.18,-0.0
0.4,0.0,0,5.0,0.18,-0.0
0.6,0.0,0,5.0,0.18,-0.0
0.8,0.0,0,5.0,0.18,-0.0
1.0,0.0,0,5.0,0.18,-0.0
1.2,0.0,0,5.0,0.18,-0.0
1.4,0.0,0,5.0,0.18,-0.0
1.6,0.0,0,5.0,0.18,-0.0
1.8,0.0,0,5.0,0.18,-0.0
0.0,0.2,0,5.0,0.18,2.00104785e-10
0.2,0.2,0,5.0,0.18,2.00104785e-10
0.4,0.2,0,5.0,0.18,2.00104785e-10
0.6,0.2,0,5.0,0.18,2.00104785e-10
0.8,0.2,0,5.0,0.18,0.0173566145
1.0,0.2,0,5.0,0.18,0.22295012
1.2,0.2,0,5.0,0.18,0.479946445
1.4,0.2,0,5.0,0.18,0.7369427700000001
1.6,0.2,0,5.0,0.18,0.993939095
1.8,0.2,0,5.0,0.18,1.25093542
0.0,0.4,0,5.0,0.18,4.00104785e-10
0.2,0.4,0,5.0,0.18,4.00104785e-10
0.4,0.4,0,5.0,0.18,4.00104785e-10
0.6,0.4,0,5.0,0.18,4.00104785e-10
0.8,0.4,0,5.0,0.18,0.0174257646
1.0,0.4,0,5.0,0.18,0.241264132
1.2,0.4,0,5.0,0.18,0.705696949
1.4,0.4,0,5.0,0.18,1.22173738
1.6,0.4,0,5.0,0.18,1.73777781
1.8,0.4,0,5.0,0.18,2.2538182399999998
0.0,0.6,0,5.0,0.18,6.001047849999999e-10
0.2,0.6,0,5.0,0.18,6.001047849999999e-10
0.4,0.6,0,5.0,0.18,6.001047849999999e-10
0.6,0.6,0,5.0,0.18,6.001047849999999e-10
0.8,0.6,0,5.0,0.18,0.017494914599999998
1.0,0.6,0,5.0,0.18,0.24222152900000002
1.2,0.6,0,5.0,0.18,0.7259922480000001
1.4,0.6,0,5.0,0.18,1.45131216
1.6,0.6,0,5.0,0.18,2.22844447
1.8,0.6,0,5.0,0.18,3.00557679
0.0,0.8,0,5.0,0.18,8.00104785e-10
0.2,0.8,0,5.0,0.18,8.00104785e-10
0.4,0.8,0,5.0,0.18,8.00104785e-10
0.6,0.8,0,5.0,0.18,8.00104785e-10
0.8,0.8,0,5.0,0.18,0.0175640647
1.0,0.8,0,5.0,0.18,0.243178927
1.2,0.8,0,5.0,0.18,0.728861783
1.4,0.8,0,5.0,0.18,1.47461263
1.6,0.8,0,5.0,0.18,2.4628674200000003
1.8,0.8,0,5.0,0.18,3.50313939
0.0,1.0,0,5.0,0.18,1.00010479e-09
0.2,1.0,0,5.0,0.18,1.00010479e-09
0.4,1.0,0,5.0,0.18,1.00010479e-09
0.6,1.0,0,5.0,0.18,1.00010479e-09
0.8,1.0,0,5.0,0.18,0.0176332147
1.0,1.0,0,5.0,0.18,0.244136324
1.2,1.0,0,5.0,0.18,0.731731318
1.4,1.0,0,5.0,0.18,1.4804182
1.6,1.0,0,5.0,0.18,2.49019696
1.8,1.0,0,5.0,0.18,3.74343439
0.0,1.2,0,5.0,0.18,1.20010479e-09
0.2,1.2,0,5.0,0.18,1.20010479e-09
0.4,1.2,0,5.0,0.18,1.20010479e-09
0.6,1.2,0,5.0,0.18,1.20010479e-09
0.8,1.2,0,5.0,0.18,0.0177023648
1.0,1.2,0,5.0,0.18,0.24509372199999999
1.2,1.2,0,5.0,0.18,0.734600853
1.4,1.2,0,5.0,0.18,1.4862237600000001
1.6,1.2,0,5.0,0.18,2.49996244
1.8,1.2,0,5.0,0.18,3.7758168899999998
0.0,1.4,0,5.0,0.18,1.40010479e-09
0.2,1.4,0,5.0,0.18,1.40010479e-09
0.4,1.4,0,5.0,0.18,1.40010479e-09
0.6,1.4,0,5.0,0.18,1.40010479e-09
0.8,1.4,0,5.0,0.18,0.0177715148
1.0,1.4,0,5.0,0.18,0.246051119
1.2,1.4,0,5.0,0.18,0.737470387
1.4,1.4,0,5.0,0.18,1.4920293199999999
1.6,1.4,0,5.0,0.18,2.50972791
1.8,1.4,0,5.0,0.18,3.79056617
0.0,1.6,0,5.0,0.18,1.6001047900000001e-09
0.2,1.6,0,5.0,0.18,1.6001047900000001e-09
0.4,1.6,0,5.0,0.18,1.6001047900000001e-09
0.6,1.6,0,5.0,0.18,1.6001047900000001e-09
0.8,1.6,0,5.0,0.18,0.0178406649
1.0,1.6,0,5.0,0.18,0.247008517
1.2,1.6,0,5.0,0.18,0.740339922
1.4,1.6,0,5.0,0.18,1.4978348799999999
1.6,1.6,0,5.0,0.18,2.51949339
1.8,1.6,0,5.0,0.18,3.80531546
0.0,1.8,0,5.0,0.18,1.80010479e-09
0.2,1.8,0,5.0,0.18,1.80010479e-09
0.4,1.8,0,5.0,0.18,1.80010479e-09
0.6,1.8,0,5.0,0.18,1.80010479e-09
0.8,1.8,0,5.0,0.18,0.017909815
1.0,1.8,0,5.0,0.18,0.24796591399999998
1.2,1.8,0,5.0,0.18,0.743209457
1.4,1.8,0,5.0,0.18,1.50364044
1.6,1.8,0,5.0,0.18,2.52925887
1.8,1.8,0,5.0,0.18,3.82006474
0.0,0.0,0,5.0,0.5,1.0478523300000001e-13
0.2,0.0,0,5.0,0.5,-0.0
0.4,0.0,0,5.0,0.5,-0.0
0.6,0.0,0,5.0,0.5,-0.0
0.8,0.0,0,5.0,0.5,-0.0
1.0,0.0,0,5.0,0.5,-0.0
1.2,0.0,0,5.0,0.5,-0.0
1.4,0.0,0,5.0,0.5,-0.0
1.6,0.0,0,5.0,0.5,-0.0
1.8,0.0,0,5.0,0.5,-0.0
0.0,0.2,0,5.0,0.5,2.00104785e-10
0.2,0.2,0,5.0,0.5,2.00104785e-10
0.4,0.2,0,5.0,0.5,2.00104785e-10
0.6,0.2,0,5.0,0.5,2.00104785e-10
0.8,0.2,0,5.0,0.5,0.006248381349999999
1.0,0.2,0,5.0,0.5,0.0802620432
1.2,0.2,0,5.0,0.5,0.17278072
1.4,0.2,0,5.0,0.5,0.26529939700000005
1.6,0.2,0,5.0,0.5,0.357818074
1.8,0.2,0,5.0,0.5,0.450336751
0.0,0.4,0,5.0,0.5,4.00104785e-10
0.2,0.4,0,5.0,0.5,4.00104785e-10
0.4,0.4,0,5.0,0.5,4.00104785e-10
0.6,0.4,0,5.0,0.5,4.00104785e-10
0.8,0.4,0,5.0,0.5,0.006273275500000001
1.0,0.4,0,5.0,0.5,0.0868550876
1.2,0.4,0,5.0,0.5,0.254050902
1.4,0.4,0,5.0,0.5,0.439825457
1.6,0.4,0,5.0,0.5,0.625600011
1.8,0.4,0,5.0,0.5,0.811374566
0.0,0.6,0,5.0,0.5,6.001047849999999e-10
0.2,0.6,0,5.0,0.5,6.001047849999999e-10
0.4,0.6,0,5.0,0.5,6.001047849999999e-10
0.6,0.6,0,5.0,0.5,6.001047849999999e-10
0.8,0.6,0,5.0,0.5,0.00629816964
1.0,0.6,0,5.0,0.5,0.08719975090000001
1.2,0.6,0,5.0,0.5,0.26135721
1.4,0.6,0,5.0,0.5,0.5224723769999999
1.6,0.6,0,5.0,0.5,0.80224001
1.8,0.6,0,5.0,0.5,1.0820076399999998
0.0,0.8,0,5.0,0.5,8.00104785e-10
0.2,0.8,0,5.0,0.5,8.00104785e-10
0.4,0.8,0,5.0,0.5,8.00104785e-10
0.6,0.8,0,5.0,0.5,8.00104785e-10
0.8,0.8,0,5.0,0.5,0.00632306379
1.0,0.8,0,5.0,0.5,0.08754441410000001
1.2,0.8,0,5.0,0.5,0.262390242
1.4,0.8,0,5.0,0.5,0.530860549
1.6,0.8,0,5.0,0.5,0.88663227
1.8,0.8,0,5.0,0.5,1.26113018
0.0,1.0,0,5.0,0.5,1.00010479e-09
0.2,1.0,0,5.0,0.5,1.00010479e-09
0.4,1.0,0,5.0,0.5,1.00010479e-09
0.6,1.0,0,5.0,0.5,1.00010479e-09
0.8,1.0,0,5.0,0.5,0.00634795794
1.0,1.0,0,5.0,0.5,0.0878890774
1.2,1.0,0,5.0,0.5,0.26342327499999996
1.4,1.0,0,5.0,0.5,0.532950551
1.6,1.0,0,5.0,0.5,0.8964709049999999
1.8,1.0,0,5.0,0.5,1.34763638
0.0,1.2,0,5.0,0.5,1.20010479e-09
0.2,1.2,0,5.0,0.5,1.20010479e-09
0.4,1.2,0,5.0,0.5,1.20010479e-09
0.6,1.2,0,5.0,0.5,1.20010479e-09
0.8,1.2,0,5.0,0.5,0.00637285209
1.0,1.2,0,5.0,0.5,0.0882337406
1.2,1.2,0,5.0,0.5,0.26445630800000003
1.4,1.2,0,5.0,0.5,0.5350405530000001
1.6,1.2,0,5.0,0.5,0.899986478
1.8,1.2,0,5.0,0.5,1.35929408
0.0,1.4,0,5.0,0.5,1.40010479e-09
0.2,1.4,0,5.0,0.5,1.40010479e-09
0.4,1.4,0,5.0,0.5,1.40010479e-09
0.6,1.4,0,5.0,0.5,1.40010479e-09
0.8,1.4,0,5.0,0.5,0.00639774624
1.0,1.4,0,5.0,0.5,0.08857840389999999
1.2,1.4,0,5.0,0.5,0.26548933999999996
1.4,1.4,0,5.0,0.5,0.5371305559999999
1.6,1.4,0,5.0,0.5,0.90350205
1.8,1.4,0,5.0,0.5,1.36460382
0.0,1.6,0,5.0,0.5,1.6001047900000001e-09
0.2,1.6,0,5.0,0.5,1.6001047900000001e-09
0.4,1.6,0,5.0,0.5,1.6001047900000001e-09
0.6,1.6,0,5.0,0.5,1.6001047900000001e-09
0.8,1.6,0,5.0,0.5,0.0064226403900000005
1.0,1.6,0,5.0,0.5,0.0889230671
1.2,1.6,0,5.0,0.5,0.26652237300000003
1.4,1.6,0,5.0,0.5,0.539220558
1.6,1.6,0,5.0,0.5,0.907017622
1.8,1.6,0,5.0,0.5,1.36991357
0.0,1.8,0,5.0,0.5,1.80010479e-09
0.2,1.8,0,5.0,0.5,1.80010479e-09
0.4,1.8,0,5.0,0.5,1.80010479e-09
0.6,1.8,0,5.0,0.5,1.80010479e-09
0.8,1.8,0,5.0,0.5,0.00644753454
1.0,1.8,0,5.0,0.5,0.0892677304
1.2,1.8,0,5.0,0.5,0.267555406
1.4,1.8,0,5.0,0.5,0.541310561
1.6,1.8,0,5.0,0.5,0.9105331950000001
1.8,1.8,0,5.0,0.5,1.37522331
0.0,0.0,0,5.0,1.0,1.0478523300000001e-13
0.2,0.0,0,5.0,1.0,-0.0
0.4,0.0,0,5.0,1.0,-0.0
0.6,0.0,0,5.0,1.0,-0.0
0.8,0.0,0,5.0,1.0,-0.0
1.0,0.0,0,5.0,1.0,-0.0
1.2,0.0,0,5.0,1.0,-0.0
1.4,0.0,0,5.0,1.0,-0.0
1.6,0.0,0,5.0,1.0,-0.0
1.8,0.0,0,5.0,1.0,-0.0
0.0,0.2,0,5.0,1.0,2.00104785e-10
0.2,0.2,0,5.0,1.0,2.00104785e-10
0.4,0.2,0,5.0,1.0,2.00104785e-10
0.6,0.2,0,5.0,1.0,2.00104785e-10
0.8,0.2,0,5.0,1.0,0.0031241907699999997
1.0,0.2,0,5.0,1.0,0.0401310217
1.2,0.2,0,5.0,1.0,0.08639036030000001
1.4,0.2,0,5.0,1.0,0.132649699
1.6,0.2,0,5.0,1.0,0.178909037
1.8,0.2,0,5.0,1.0,0.225168376
0.0,0.4,0,5.0,1.0,4.00104785e-10
0.2,0.4,0,5.0,1.0,4.00104785e-10
0.4,0.4,0,5.0,1.0,4.00104785e-10
0.6,0.4,0,5.0,1.0,4.00104785e-10
0.8,0.4,0,5.0,1.0,0.00313663795
1.0,0.4,0,5.0,1.0,0.043427544
1.2,0.4,0,5.0,1.0,0.127025451
1.4,0.4,0,5.0,1.0,0.219912729
1.6,0.4,0,5.0,1.0,0.31280000599999996
1.8,0.4,0,5.0,1.0,0.405687283
0.0,0.6,0,5.0,1.0,6.001047849999999e-10
0.2,0.6,0,5.0,1.0,6.001047849999999e-10
0.4,0.6,0,5.0,1.0,6.001047849999999e-10
0.6,0.6,0,5.0,1.0,6.001047849999999e-10
0.8,0.6,0,5.0,1.0,0.0031490851199999998
1.0,0.6,0,5.0,1.0,0.0435998757
1.2,0.6,0,5.0,1.0,0.130678605
1.4,0.6,0,5.0,1.0,0.261236189
1.6,0.6,0,5.0,1.0,0.401120005
1.8,0.6,0,5.0,1.0,0.5410038220000001
0.0,0.8,0,5.0,1.0,8.00104785e-10
0.2,0.8,0,5.0,1.0,8.00104785e-10
0.4,0.8,0,5.0,1.0,8.00104785e-10
0.6,0.8,0,5.0,1.0,8.00104785e-10
0.8,0.8,0,5.0,1.0,0.0031615323
1.0,0.8,0,5.0,1.0,0.0437722075
1.2,0.8,0,5.0,1.0,0.131195122
1.4,0.8,0,5.0,1.0,0.26543027500000005
1.6,0.8,0,5.0,1.0,0.443316135
1.8,0.8,0,5.0,1.0,0.630565091
0.0,1.0,0,5.0,1.0,1.00010479e-09
0.2,1.0,0,5.0,1.0,1.00010479e-09
0.4,1.0,0,5.0,1.0,1.00010479e-09
0.6,1.0,0,5.0,1.0,1.00010479e-09
0.8,1.0,0,5.0,1.0,0.00317397947
1.0,1.0,0,5.0,1.0,0.0439445392
1.2,1.0,0,5.0,1.0,0.13171163800000002
1.4,1.0,0,5.0,1.0,0.266475276
1.6,1.0,0,5.0,1.0,0.448235453
1.8,1.0,0,5.0,1.0,0.673818191
0.0,1.2,0,5.0,1.0,1.20010479e-09
0.2,1.2,0,5.0,1.0,1.20010479e-09
0.4,1.2,0,5.0,1.0,1.20010479e-09
0.6,1.2,0,5.0,1.0,1.20010479e-09
0.8,1.2,0,5.0,1.0,0.00318642665
1.0,1.2,0,5.0,1.0,0.0441168709
1.2,1.2,0,5.0,1.0,0.13222815400000001
1.4,1.2,0,5.0,1.0,0.26752027700000003
1.6,1.2,0,5.0,1.0,0.449993239
1.8,1.2,0,5.0,1.0,0.679647041
0.0,1.4,0,5.0,1.0,1.40010479e-09
0.2,1.4,0,5.0,1.0,1.40010479e-09
0.4,1.4,0,5.0,1.0,1.40010479e-09
0.6,1.4,0,5.0,1.0,1.40010479e-09
0.8,1.4,0,5.0,1.0,0.00319887382
1.0,1.4,0,5.0,1.0,0.0442892026
1.2,1.4,0,5.0,1.0,0.13274467099999998
1.4,1.4,0,5.0,1.0,0.268565279
1.6,1.4,0,5.0,1.0,0.451751026
1.8,1.4,0,5.0,1.0,0.682301912
0.0,1.6,0,5.0,1.0,1.6001047900000001e-09
0.2,1.6,0,5.0,1.0,1.6001047900000001e-09
0.4,1.6,0,5.0,1.0,1.6001047900000001e-09
0.6,1.6,0,5.0,1.0,1.6001047900000001e-09
0.8,1.6,0,5.0,1.0,0.00321132099
1.0,1.6,0,5.0,1.0,0.0444615344
1.2,1.6,0,5.0,1.0,0.133261187
1.4,1.6,0,5.0,1.0,0.26961028000000004
1.6,1.6,0,5.0,1.0,0.453508812
1.8,1.6,0,5.0,1.0,0.684956784
0.0,1.8,0,5.0,1.0,1.80010479e-09
0.2,1.8,0,5.0,1.0,1.80010479e-09
0.4,1.8,0,5.0,1.0,1.80010479e-09
0.6,1.8,0,5.0,1.0,1.80010479e-09
0.8,1.8,0,5.0,1.0,0.00322376817
1.0,1.8,0,5.0,1.0,0.044633866099999996
1.2,1.8,0,5.0,1.0,0.133777704
1.4,1.8,0,5.0,1.0,0.27065528099999997
1.6,1.8,0,5.0,1.0,0.455266598
1.8,1.8,0,5.0,1.0,0.687611655
0.0,0.0,0,10.0,0.18,1.0478523300000001e-13
0.2,0.0,0,10.0,0.18,-0.0
0.4,0.0,0,10.0,0.18,-0.0
0.6,0.0,0,10.0,0.18,-0.0
0.8,0.0,0,10.0,0.18,-0.0
1.0,0.0,0,10.0,0.18,-0.0
1.2,0.0,0,10.0,0.18,-0.0
1.4,0.0,0,10.0,0.18,-0.0
1.6,0.0,0,10.0,0.18,-0.0
1.8,0.0,0,10.0,0.18,-0.0
0.0,0.2,0,10.0,0.18,2.00104785e-10
0.2,0.2,0,10.0,0.18,2.00104785e-10
0.4,0.2,0,10.0,0.18,2.00104785e-10
0.6,0.2,0,10.0,0.18,2.00104785e-10
0.8,0.2,0,10.0,0.18,0.0347132288
1.0,0.2,0,10.0,0.18,0.44590023900000003
1.2,0.2,0,10.0,0.18,0.95989289
1.4,0.2,0,10.0,0.18,1.4738855400000002
1.6,0.2,0,10.0,0.18,1.98787819
1.8,0.2,0,10.0,0.18,2.50187084
0.0,0.4,0,10.0,0.18,4.00104785e-10
0.2,0.4,0,10.0,0.18,4.00104785e-10
0.4,0.4,0,10.0,0.18,4.00104785e-10
0.6,0.4,0,10.0,0.18,4.00104785e-10
0.8,0.4,0,10.0,0.18,0.0348515287
1.0,0.4,0,10.0,0.18,0.482528263
1.2,0.4,0,10.0,0.18,1.4113939
1.4,0.4,0,10.0,0.18,2.44347476
1.6,0.4,0,10.0,0.18,3.47555562
1.8,0.4,0,10.0,0.18,4.5076364799999995
0.0,0.6,0,10.0,0.18,6.001047849999999e-10
0.2,0.6,0,10.0,0.18,6.001047849999999e-10
0.4,0.6,0,10.0,0.18,6.001047849999999e-10
0.6,0.6,0,10.0,0.18,6.001047849999999e-10
0.8,0.6,0,10.0,0.18,0.0349898286
1.0,0.6,0,10.0,0.18,0.48444305800000004
1.2,0.6,0,10.0,0.18,1.4519845
1.4,0.6,0,10.0,0.18,2.90262432
1.6,0.6,0,10.0,0.18,4.45688894
1.8,0.6,0,10.0,0.18,6.01115357
0.0,0.8,0,10.0,0.18,8.00104785e-10
0.2,0.8,0,10.0,0.18,8.00104785e-10
0.4,0.8,0,10.0,0.18,8.00104785e-10
0.6,0.8,0,10.0,0.18,8.00104785e-10
0.8,0.8,0,10.0,0.18,0.0351281285
1.0,0.8,0,10.0,0.18,0.486357853
1.2,0.8,0,10.0,0.18,1.45772357
1.4,0.8,0,10.0,0.18,2.94922527
1.6,0.8,0,10.0,0.18,4.925734830000001
1.8,0.8,0,10.0,0.18,7.00627878
0.0,1.0,0,10.0,0.18,1.00010479e-09
0.2,1.0,0,10.0,0.18,1.00010479e-09
0.4,1.0,0,10.0,0.18,1.00010479e-09
0.6,1.0,0,10.0,0.18,1.00010479e-09
0.8,1.0,0,10.0,0.18,0.0352664285
1.0,1.0,0,10.0,0.18,0.488272648
1.2,1.0,0,10.0,0.18,1.46346263
1.4,1.0,0,10.0,0.18,2.96083639
1.6,1.0,0,10.0,0.18,4.98039391
1.8,1.0,0,10.0,0.18,7.48686878
0.0,1.2,0,10.0,0.18,1.20010479e-09
0.2,1.2,0,10.0,0.18,1.20010479e-09
0.4,1.2,0,10.0,0.18,1.20010479e-09
0.6,1.2,0,10.0,0.18,1.20010479e-09
0.8,1.2,0,10.0,0.18,0.0354047284
1.0,1.2,0,10.0,0.18,0.490187442
1.2,1.2,0,10.0,0.18,1.4692017000000002
1.4,1.2,0,10.0,0.18,2.9724475100000003
1.6,1.2,0,10.0,0.18,4.99992487
1.8,1.2,0,10.0,0.18,7.5516337799999995
0.0,1.4,0,10.0,0.18,1.40010479e-09
0.2,1.4,0,10.0,0.18,1.40010479e-09
0.4,1.4,0,10.0,0.18,1.40010479e-09
0.6,1.4,0,10.0,0.18,1.40010479e-09
0.8,1.4,0,10.0,0.18,0.0355430283
1.0,1.4,0,10.0,0.18,0.49210223700000005
1.2,1.4,0,10.0,0.18,1.4749407700000001
1.4,1.4,0,10.0,0.18,2.9840586399999998
1.6,1.4,0,10.0,0.18,5.01945583
1.8,1.4,0,10.0,0.18,7.581132350000001
0.0,1.6,0,10.0,0.18,1.6001047900000001e-09
0.2,1.6,0,10.0,0.18,1.6001047900000001e-09
0.4,1.6,0,10.0,0.18,1.6001047900000001e-09
0.6,1.6,0,10.0,0.18,1.6001047900000001e-09
0.8,1.6,0,10.0,0.18,0.0356813282
1.0,1.6,0,10.0,0.18,0.494017032
1.2,1.6,0,10.0,0.18,1.48067984
1.4,1.6,0,10.0,0.18,2.9956697599999997
1.6,1.6,0,10.0,0.18,5.03898678
1.8,1.6,0,10.0,0.18,7.61063092
0.0,1.8,0,10.0,0.18,1.80010479e-09
0.2,1.8,0,10.0,0.18,1.80010479e-09
0.4,1.8,0,10.0,0.18,1.80010479e-09
0.6,1.8,0,10.0,0.18,1.80010479e-09
0.8,1.8,0,10.0,0.18,0.0358196281
1.0,1.8,0,10.0,0.18,0.495931827
1.2,1.8,0,10.0,0.18,1.48641891
1.4,1.8,0,10.0,0.18,3.00728088
1.6,1.8,0,10.0,0.18,5.05851774
1.8,1.8,0,10.0,0.18,7.64012948
0.0,0.0,0,10.0,0.5,1.0478523300000001e-13
0.2,0.0,0,10.0,0.5,-0.0
0.4,0.0,0,10.0,0.5,-0.0
0.6,0.0,0,10.0,0.5,-0.0
0.8,0.0,0,10.0,0.5,-0.0
1.0,0.0,0,10.0,0.5,-0.0
1.2,0.0,0,10.0,0.5,-0.0
1.4,0.0,0,10.0,0.5,-0.0
1.6,0.0,0,10.0,0.5,-0.0
1.8,0.0,0,10.0,0.5,-0.0
0.0,0.2,0,10.0,0.5,2.00104785e-10
0.2,0.2,0,10.0,0.5,2.00104785e-10
0.4,0.2,0,10.0,0.5,2.00104785e-10
0.6,0.2,0,10.0,0.5,2.00104785e-10
0.8,0.2,0,10.0,0.5,0.0124967625
1.0,0.2,0,10.0,0.5,0.160524086
1.2,0.2,0,10.0,0.5,0.34556144
1.4,0.2,0,10.0,0.5,0.5305987950000001
1.6,0.2,0,10.0,0.5,0.715636149
1.8,0.2,0,10.0,0.5,0.900673503
0.0,0.4,0,10.0,0.5,4.00104785e-10
0.2,0.4,0,10.0,0.5,4.00104785e-10
0.4,0.4,0,10.0,0.5,4.00104785e-10
0.6,0.4,0,10.0,0.5,4.00104785e-10
0.8,0.4,0,10.0,0.5,0.012546550600000001
1.0,0.4,0,10.0,0.5,0.173710175
1.2,0.4,0,10.0,0.5,0.508101804
1.4,0.4,0,10.0,0.5,0.879650913
1.6,0.4,0,10.0,0.5,1.25120002
1.8,0.4,0,10.0,0.5,1.62274913
0.0,0.6,0,10.0,0.5,6.001047849999999e-10
0.2,0.6,0,10.0,0.5,6.001047849999999e-10
0.4,0.6,0,10.0,0.5,6.001047849999999e-10
0.6,0.6,0,10.0,0.5,6.001047849999999e-10
0.8,0.6,0,10.0,0.5,0.012596338700000001
1.0,0.6,0,10.0,0.5,0.174399501
1.2,0.6,0,10.0,0.5,0.522714419
1.4,0.6,0,10.0,0.5,1.04494475
1.6,0.6,0,10.0,0.5,1.60448002
1.8,0.6,0,10.0,0.5,2.16401529
0.0,0.8,0,10.0,0.5,8.00104785e-10
0.2,0.8,0,10.0,0.5,8.00104785e-10
0.4,0.8,0,10.0,0.5,8.00104785e-10
0.6,0.8,0,10.0,0.5,8.00104785e-10
0.8,0.8,0,10.0,0.5,0.012646126799999999
1.0,0.8,0,10.0,0.5,0.175088827
1.2,0.8,0,10.0,0.5,0.524780484
1.4,0.8,0,10.0,0.5,1.0617211000000002
1.6,0.8,0,10.0,0.5,1.77326454
1.8,0.8,0,10.0,0.5,2.52226036
0.0,1.0,0,10.0,0.5,1.00010479e-09
0.2,1.0,0,10.0,0.5,1.00010479e-09
0.4,1.0,0,10.0,0.5,1.00010479e-09
0.6,1.0,0,10.0,0.5,1.00010479e-09
0.8,1.0,0,10.0,0.5,0.012695914899999999
1.0,1.0,0,10.0,0.5,0.175778154
1.2,1.0,0,10.0,0.5,0.5268465489999999
1.4,1.0,0,10.0,0.5,1.0659011
1.6,1.0,0,10.0,0.5,1.7929418099999999
1.8,1.0,0,10.0,0.5,2.69527276
0.0,1.2,0,10.0,0.5,1.20010479e-09
0.2,1.2,0,10.0,0.5,1.20010479e-09
0.4,1.2,0,10.0,0.5,1.20010479e-09
0.6,1.2,0,10.0,0.5,1.20010479e-09
0.8,1.2,0,10.0,0.5,0.012745703
1.0,1.2,0,10.0,0.5,0.17646748
1.2,1.2,0,10.0,0.5,0.528912614
1.4,1.2,0,10.0,0.5,1.07008111
1.6,1.2,0,10.0,0.5,1.7999729500000001
1.8,1.2,0,10.0,0.5,2.71858816
0.0,1.4,0,10.0,0.5,1.40010479e-09
0.2,1.4,0,10.0,0.5,1.40010479e-09
0.4,1.4,0,10.0,0.5,1.40010479e-09
0.6,1.4,0,10.0,0.5,1.40010479e-09
0.8,1.4,0,10.0,0.5,0.0127954911
1.0,1.4,0,10.0,0.5,0.177156806
1.2,1.4,0,10.0,0.5,0.530978679
1.4,1.4,0,10.0,0.5,1.07426111
1.6,1.4,0,10.0,0.5,1.8070041
1.8,1.4,0,10.0,0.5,2.72920765
0.0,1.6,0,10.0,0.5,1.6001047900000001e-09
0.2,1.6,0,10.0,0.5,1.6001047900000001e-09
0.4,1.6,0,10.0,0.5,1.6001047900000001e-09
0.6,1.6,0,10.0,0.5,1.6001047900000001e-09
0.8,1.6,0,10.0,0.5,0.0128452792
1.0,1.6,0,10.0,0.5,0.177846133
1.2,1.6,0,10.0,0.5,0.533044744
1.4,1.6,0,10.0,0.5,1.07844111
1.6,1.6,0,10.0,0.5,1.81403524
1.8,1.6,0,10.0,0.5,2.73982713
0.0,1.8,0,10.0,0.5,1.80010479e-09
0.2,1.8,0,10.0,0.5,1.80010479e-09
0.4,1.8,0,10.0,0.5,1.80010479e-09
0.6,1.8,0,10.0,0.5,1.80010479e-09
0.8,1.8,0,10.0,0.5,0.0128950673
1.0,1.8,0,10.0,0.5,0.17853545899999998
1.2,1.8,0,10.0,0.5,0.53511081
1.4,1.8,0,10.0,0.5,1.08262112
1.6,1.8,0,10.0,0.5,1.8210663900000001
1.8,1.8,0,10.0,0.5,2.75044662
0.0,0.0,0,10.0,1.0,1.0478523300000001e-13
0.2,0.0,0,10.0,1.0,-0.0
0.4,0.0,0,10.0,1.0,-0.0
0.6,0.0,0,10.0,1.0,-0.0
0.8,0.0,0,10.0,1.0,-0.0
1.0,0.0,0,10.0,1.0,-0.0
1.2,0.0,0,10.0,1.0,-0.0
1.4,0.0,0,10.0,1.0,-0.0
1.6,0.0,0,10.0,1.0,-0.0
1.8,0.0,0,10.0,1.0,-0.0
0.0,0.2,0,10.0,1.0,2.00104785e-10
0.2,0.2,0,10.0,1.0,2.00104785e-10
0.4,0.2,0,10.0,1.0,2.00104785e-10
0.6,0.2,0,10.0,1.0,2.00104785e-10
0.8,0.2,0,10.0,1.0,0.006248381349999999
1.0,0.2,0,10.0,1.0,0.0802620432
1.2,0.2,0,10.0,1.0,0.17278072
1.4,0.2,0,10.0,1.0,0.26529939700000005
1.6,0.2,0,10.0,1.0,0.357818074
1.8,0.2,0,10.0,1.0,0.450336751
0.0,0.4,0,10.0,1.0,4.00104785e-10
0.2,0.4,0,10.0,1.0,4.00104785e-10
0.4,0.4,0,10.0,1.0,4.00104785e-10
0.6,0.4,0,10.0,1.0,4.00104785e-10
0.8,0.4,0,10.0,1.0,0.006273275500000001
1.0,0.4,0,10.0,1.0,0.0868550876
1.2,0.4,0,10.0,1.0,0.254050902
1.4,0.4,0,10.0,1.0,0.439825457
1.6,0.4,0,10.0,1.0,0.625600011
1.8,0.4,0,10.0,1.0,0.811374566
0.0,0.6,0,10.0,1.0,6.001047849999999e-10
0.2,0.6,0,10.0,1.0,6.001047849999999e-10
0.4,0.6,0,10.0,1.0,6.001047849999999e-10
0.6,0.6,0,10.0,1.0,6.001047849999999e-10
0.8,0.6,0,10.0,1.0,0.00629816964
1.0,0.6,0,10.0,1.0,0.08719975090000001
1.2,0.6,0,10.0,1.0,0.26135721
1.4,0.6,0,10.0,1.0,0.5224723769999999
1.6,0.6,0,10.0,1.0,0.80224001
1.8,0.6,0,10.0,1.0,1.0820076399999998
0.0,0.8,0,10.0,1.0,8.00104785e-10
0.2,0.8,0,10.0,1.0,8.00104785e-10
0.4,0.8,0,10.0,1.0,8.00104785e-10
0.6,0.8,0,10.0,1.0,8.00104785e-10
0.8,0.8,0,10.0,1.0,0.00632306379
1.0,0.8,0,10.0,1.0,0.08754441410000001
1.2,0.8,0,10.0,1.0,0.262390242
1.4,0.8,0,10.0,1.0,0.530860549
1.6,0.8,0,10.0,1.0,0.88663227
1.8,0.8,0,10.0,1.0,1.26113018
0.0,1.0,0,10.0,1.0,1.00010479e-09
0.2,1.0,0,10.0,1.0,1.00010479e-09
0.4,1.0,0,10.0,1.0,1.00010479e-09
0.6,1.0,0,10.0,1.0,1.00010479e-09
0.8,1.0,0,10.0,1.0,0.00634795794
1.0,1.0,0,10.0,1.0,0.0878890774
1.2,1.0,0,10.0,1.0,0.26342327499999996
1.4,1.0,0,10.0,1.0,0.532950551
1.6,1.0,0,10.0,1.0,0.8964709049999999
1.8,1.0,0,10.0,1.0,1.34763638
0.0,1.2,0,10.0,1.0,1.20010479e-09
0.2,1.2,0,10.0,1.0,1.20010479e-09
0.4,1.2,0,10.0,1.0,1.20010479e-09
0.6,1.2,0,10.0,1.0,1.20010479e-09
0.8,1.2,0,10.0,1.0,0.00637285209
1.0,1.2,0,10.0,1.0,0.0882337406
1.2,1.2,0,10.0,1.0,0.26445630800000003
1.4,1.2,0,10.0,1.0,0.5350405530000001
1.6,1.2,0,10.0,1.0,0.899986478
1.8,1.2,0,10.0,1.0,1.35929408
0.0,1.4,0,10.0,1.0,1.40010479e-09
0.2,1.4,0,10.0,1.0,1.40010479e-09
0.4,1.4,0,10.0,1.0,1.40010479e-09
0.6,1.4,0,10.0,1.0,1.40010479e-09
0.8,1.4,0,10.0,1.0,0.00639774624
1.0,1.4,0,10.0,1.0,0.08857840389999999
1.2,1.4,0,10.0,1.0,0.26548933999999996
1.4,1.4,0,10.0,1.0,0.5371305559999999
1.6,1.4,0,10.0,1.0,0.90350205
1.8,1.4,0,10.0,1.0,1.36460382
0.0,1.6,0,10.0,1.0,1.6001047900000001e-09
0.2,1.6,0,10.0,1.0,1.6001047900000001e-09
0.4,1.6,0,10.0,1.0,1.6001047900000001e-09
0.6,1.6,0,10.0,1.0,1.6001047900000001e-09
0.8,1.6,0,10.0,1.0,0.0064226403900000005
1.0,1.6,0,10.0,1.0,0.0889230671
1.2,1.6,0,10.0,1.0,0.26652237300000003
1.4,1.6,0,10.0,1.0,0.539220558
1.6,1.6,0,10.0,1.0,0.907017622
1.8,1.6,0,10.0,1.0,1.36991357
0.0,1.8,0,10.0,1.0,1.80010479e-09
0.2,1.8,0,10.0,1.0,1.80010479e-09
0.4,1.8,0,10.0,1.0,1.80010479e-09
0.6,1.8,0,10.0,1.0,1.80010479e-09
0.8,1.8,0,10.0,1.0,0.00644753454
1.0,1.8,0,10.0,1.0,0.0892677304
1.2,1.8,0,10.0,1.0,0.267555406
1.4,1.8,0,10.0,1.0,0.541310561
1.6,1.8,0,10.0,1.0,0.9105331950000001
1.8,1.8,0,10.0,1.0,1.37522331
0.0,0.0,27,2.0,0.18,1e-11
0.2,0.0,27,2.0,0.18,-0.0
0.4,0.0,27,2.0,0.18,-0.0
0.6,0.0,27,2.0,0.18,-0.0
0.8,0.0,27,2.0,0.18,-0.0
1.0,0.0,27,2.0,0.18,-0.0
1.2,0.0,27,2.0,0.18,-0.0
1.4,0.0,27,2.0,0.18,-0.0
1.6,0.0,27,2.0,0.18,-0.0
1.8,0.0,27,2.0,0.18,-0.0
0.0,0.2,27,2.0,0.18,2.1e-10
0.2,0.2,27,2.0,0.18,2.1e-10
0.4,0.2,27,2.0,0.18,2.1e-10
0.6,0.2,27,2.0,0.18,2.1e-10
0.8,0.2,27,2.0,0.18,0.0111555558
1.0,0.2,27,2.0,0.18,0.0892444447
1.2,0.2,27,2.0,0.18,0.178488889
1.4,0.2,27,2.0,0.18,0.267733334
1.6,0.2,27,2.0,0.18,0.356977778
1.8,0.2,27,2.0,0.18,0.446222222
0.0,0.4,27,2.0,0.18,4.1000000000000003e-10
0.2,0.4,27,2.0,0.18,4.1000000000000003e-10
0.4,0.4,27,2.0,0.18,4.1000000000000003e-10
0.6,0.4,27,2.0,0.18,4.1000000000000003e-10
0.8,0.4,27,2.0,0.18,0.0112000004
1.0,0.4,27,2.0,0.18,0.1008
1.2,0.4,27,2.0,0.18,0.2688
1.4,0.4,27,2.0,0.18,0.448
1.6,0.4,27,2.0,0.18,0.6272
1.8,0.4,27,2.0,0.18,0.8064
0.0,0.6,27,2.0,0.18,6.100000000000001e-10
0.2,0.6,27,2.0,0.18,6.100000000000001e-10
0.4,0.6,27,2.0,0.18,6.100000000000001e-10
0.6,0.6,27,2.0,0.18,6.100000000000001e-10
0.8,0.6,27,2.0,0.18,0.0112444451
1.0,0.6,27,2.0,0.18,0.101200001
1.2,0.6,27,2.0,0.18,0.281111112
1.4,0.6,27,2.0,0.18,0.539733334
1.6,0.6,27,2.0,0.18,0.8096000010000001
1.8,0.6,27,2.0,0.18,1.07946667
0.0,0.8,27,2.0,0.18,8.1e-10
0.2,0.8,27,2.0,0.18,8.1e-10
0.4,0.8,27,2.0,0.18,8.1e-10
0.6,0.8,27,2.0,0.18,8.1e-10
0.8,0.8,27,2.0,0.18,0.0112888897
1.0,0.8,27,2.0,0.18,0.101600001
1.2,0.8,27,2.0,0.18,0.28222222300000005
1.4,0.8,27,2.0,0.18,0.553155556
1.6,0.8,27,2.0,0.18,0.903111112
1.8,0.8,27,2.0,0.18,1.2643555599999998
0.0,1.0,27,2.0,0.18,1.01e-09
0.2,1.0,27,2.0,0.18,1.01e-09
0.4,1.0,27,2.0,0.18,1.01e-09
0.6,1.0,27,2.0,0.18,1.01e-09
0.8,1.0,27,2.0,0.18,0.0113333343
1.0,1.0,27,2.0,0.18,0.10200000099999999
1.2,1.0,27,2.0,0.18,0.283333334
1.4,1.0,27,2.0,0.18,0.5553333340000001
1.6,1.0,27,2.0,0.18,0.918000001
1.8,1.0,27,2.0,0.18,1.36
0.0,1.2,27,2.0,0.18,1.2100000000000002e-09
0.2,1.2,27,2.0,0.18,1.2100000000000002e-09
0.4,1.2,27,2.0,0.18,1.2100000000000002e-09
0.6,1.2,27,2.0,0.18,1.2100000000000002e-09
0.8,1.2,27,2.0,0.18,0.011377779000000001
1.0,1.2,27,2.0,0.18,0.102400001
1.2,1.2,27,2.0,0.18,0.284444446
1.4,1.2,27,2.0,0.18,0.557511112
1.6,1.2,27,2.0,0.18,0.921600001
1.8,1.2,27,2.0,0.18,1.37671111
0.0,1.4,27,2.0,0.18,1.41e-09
0.2,1.4,27,2.0,0.18,1.41e-09
0.4,1.4,27,2.0,0.18,1.41e-09
0.6,1.4,27,2.0,0.18,1.41e-09
0.8,1.4,27,2.0,0.18,0.0114222236
1.0,1.4,27,2.0,0.18,0.102800001
1.2,1.4,27,2.0,0.18,0.285555557
1.4,1.4,27,2.0,0.18,0.55968889
1.6,1.4,27,2.0,0.18,0.925200001
1.8,1.4,27,2.0,0.18,1.38208889
0.0,1.6,27,2.0,0.18,1.61e-09
0.2,1.6,27,2.0,0.18,1.61e-09
0.4,1.6,27,2.0,0.18,1.61e-09
0.6,1.6,27,2.0,0.18,1.61e-09
0.8,1.6,27,2.0,0.18,0.0114666683
1.0,1.6,27,2.0,0.18,0.103200002
1.2,1.6,27,2.0,0.18,0.286666668
1.4,1.6,27,2.0,0.18,0.561866668
1.6,1.6,27,2.0,0.18,0.928800002
1.8,1.6,27,2.0,0.18,1.38746667
0.0,1.8,27,2.0,0.18,1.81e-09
0.2,1.8,27,2.0,0.18,1.81e-09
0.4,1.8,27,2.0,0.18,1.81e-09
0.6,1.8,27,2.0,0.18,1.81e-09
0.8,1.8,27,2.0,0.18,0.0115111129
1.0,1.8,27,2.0,0.18,0.103600002
1.2,1.8,27,2.0,0.18,0.28777778
1.4,1.8,27,2.0,0.18,0.564044446
1.6,1.8,27,2.0,0.18,0.932400002
1.8,1.8,27,2.0,0.18,1.39284445
0.0,0.0,27,2.0,0.5,1e-11
0.2,0.0,27,2.0,0.5,-0.0
0.4,0.0,27,2.0,0.5,-0.0
0.6,0.0,27,2.0,0.5,-0.0
0.8,0.0,27,2.0,0.5,-0.0
1.0,0.0,27,2.0,0.5,-0.0
1.2,0.0,27,2.0,0.5,-0.0
1.4,0.0,27,2.0,0.5,-0.0
1.6,0.0,27,2.0,0.5,-0.0
1.8,0.0,27,2.0,0.5,-0.0
0.0,0.2,27,2.0,0.5,2.1e-10
0.2,0.2,27,2.0,0.5,2.1e-10
0.4,0.2,27,2.0,0.5,2.1e-10
0.6,0.2,27,2.0,0.5,2.1e-10
0.8,0.2,27,2.0,0.5,0.00401600021
1.0,0.2,27,2.0,0.5,0.0321280002
1.2,0.2,27,2.0,0.5,0.0642560002
1.4,0.2,27,2.0,0.5,0.0963840002
1.6,0.2,27,2.0,0.5,0.12851200000000002
1.8,0.2,27,2.0,0.5,0.16064
0.0,0.4,27,2.0,0.5,4.1000000000000003e-10
0.2,0.4,27,2.0,0.5,4.1000000000000003e-10
0.4,0.4,27,2.0,0.5,4.1000000000000003e-10
0.6,0.4,27,2.0,0.5,4.1000000000000003e-10
0.8,0.4,27,2.0,0.5,0.00403200041
1.0,0.4,27,2.0,0.5,0.0362880004
1.2,0.4,27,2.0,0.5,0.0967680004
1.4,0.4,27,2.0,0.5,0.16128
1.6,0.4,27,2.0,0.5,0.225792
1.8,0.4,27,2.0,0.5,0.290304
0.0,0.6,27,2.0,0.5,6.100000000000001e-10
0.2,0.6,27,2.0,0.5,6.100000000000001e-10
0.4,0.6,27,2.0,0.5,6.100000000000001e-10
0.6,0.6,27,2.0,0.5,6.100000000000001e-10
0.8,0.6,27,2.0,0.5,0.0040480006100000005
1.0,0.6,27,2.0,0.5,0.0364320006
1.2,0.6,27,2.0,0.5,0.101200001
1.4,0.6,27,2.0,0.5,0.194304001
1.6,0.6,27,2.0,0.5,0.29145600099999996
1.8,0.6,27,2.0,0.5,0.38860800100000004
0.0,0.8,27,2.0,0.5,8.1e-10
0.2,0.8,27,2.0,0.5,8.1e-10
0.4,0.8,27,2.0,0.5,8.1e-10
0.6,0.8,27,2.0,0.5,8.1e-10
0.8,0.8,27,2.0,0.5,0.00406400081
1.0,0.8,27,2.0,0.5,0.0365760008
1.2,0.8,27,2.0,0.5,0.101600001
1.4,0.8,27,2.0,0.5,0.199136001
1.6,0.8,27,2.0,0.5,0.325120001
1.8,0.8,27,2.0,0.5,0.455168001
0.0,1.0,27,2.0,0.5,1.01e-09
0.2,1.0,27,2.0,0.5,1.01e-09
0.4,1.0,27,2.0,0.5,1.01e-09
0.6,1.0,27,2.0,0.5,1.01e-09
0.8,1.0,27,2.0,0.5,0.00408000101
1.0,1.0,27,2.0,0.5,0.036720000999999995
1.2,1.0,27,2.0,0.5,0.10200000099999999
1.4,1.0,27,2.0,0.5,0.19992000099999999
1.6,1.0,27,2.0,0.5,0.330480001
1.8,1.0,27,2.0,0.5,0.48960000099999995
0.0,1.2,27,2.0,0.5,1.2100000000000002e-09
0.2,1.2,27,2.0,0.5,1.2100000000000002e-09
0.4,1.2,27,2.0,0.5,1.2100000000000002e-09
0.6,1.2,27,2.0,0.5,1.2100000000000002e-09
0.8,1.2,27,2.0,0.5,0.00409600121
1.0,1.2,27,2.0,0.5,0.036864001199999996
1.2,1.2,27,2.0,0.5,0.102400001
1.4,1.2,27,2.0,0.5,0.200704001
1.6,1.2,27,2.0,0.5,0.331776001
1.8,1.2,27,2.0,0.5,0.49561600100000003
0.0,1.4,27,2.0,0.5,1.41e-09
0.2,1.4,27,2.0,0.5,1.41e-09
0.4,1.4,27,2.0,0.5,1.41e-09
0.6,1.4,27,2.0,0.5,1.41e-09
0.8,1.4,27,2.0,0.5,0.00411200141
1.0,1.4,27,2.0,0.5,0.0370080014
1.2,1.4,27,2.0,0.5,0.102800001
1.4,1.4,27,2.0,0.5,0.201488001
1.6,1.4,27,2.0,0.5,0.333072001
1.8,1.4,27,2.0,0.5,0.49755200099999997
0.0,1.6,27,2.0,0.5,1.61e-09
0.2,1.6,27,2.0,0.5,1.61e-09
0.4,1.6,27,2.0,0.5,1.61e-09
0.6,1.6,27,2.0,0.5,1.61e-09
0.8,1.6,27,2.0,0.5,0.00412800161
1.0,1.6,27,2.0,0.5,0.0371520016
1.2,1.6,27,2.0,0.5,0.103200002
1.4,1.6,27,2.0,0.5,0.202272002
1.6,1.6,27,2.0,0.5,0.33436800200000005
1.8,1.6,27,2.0,0.5,0.499488002
0.0,1.8,27,2.0,0.5,1.81e-09
0.2,1.8,27,2.0,0.5,1.81e-09
0.4,1.8,27,2.0,0.5,1.81e-09
0.6,1.8,27,2.0,0.5,1.81e-09
0.8,1.8,27,2.0,0.5,0.00414400181
1.0,1.8,27,2.0,0.5,0.0372960018
1.2,1.8,27,2.0,0.5,0.103600002
1.4,1.8,27,2.0,0.5,0.203056002
1.6,1.8,27,2.0,0.5,0.335664002
1.8,1.8,27,2.0,0.5,0.501424002
0.0,0.0,27,2.0,1.0,1e-11
0.2,0.0,27,2.0,1.0,-0.0
0.4,0.0,27,2.0,1.0,-0.0
0.6,0.0,27,2.0,1.0,-0.0
0.8,0.0,27,2.0,1.0,-0.0
1.0,0.0,27,2.0,1.0,-0.0
1.2,0.0,27,2.0,1.0,-0.0
1.4,0.0,27,2.0,1.0,-0.0
1.6,0.0,27,2.0,1.0,-0.0
1.8,0.0,27,2.0,1.0,-0.0
0.0,0.2,27,2.0,1.0,2.1e-10
0.2,0.2,27,2.0,1.0,2.1e-10
0.4,0.2,27,2.0,1.0,2.1e-10
0.6,0.2,27,2.0,1.0,2.1e-10
0.8,0.2,27,2.0,1.0,0.00200800021
1.0,0.2,27,2.0,1.0,0.0160640002
1.2,0.2,27,2.0,1.0,0.0321280002
1.4,0.2,27,2.0,1.0,0.0481920002
1.6,0.2,27,2.0,1.0,0.0642560002
1.8,0.2,27,2.0,1.0,0.0803200002
0.0,0.4,27,2.0,1.0,4.1000000000000003e-10
0.2,0.4,27,2.0,1.0,4.1000000000000003e-10
0.4,0.4,27,2.0,1.0,4.1000000000000003e-10
0.6,0.4,27,2.0,1.0,4.1000000000000003e-10
0.8,0.4,27,2.0,1.0,0.0020160004099999997
1.0,0.4,27,2.0,1.0,0.018144000400000002
1.2,0.4,27,2.0,1.0,0.0483840004
1.4,0.4,27,2.0,1.0,0.0806400004
1.6,0.4,27,2.0,1.0,0.112896
1.8,0.4,27,2.0,1.0,0.145152
0.0,0.6,27,2.0,1.0,6.100000000000001e-10
0.2,0.6,27,2.0,1.0,6.100000000000001e-10
0.4,0.6,27,2.0,1.0,6.100000000000001e-10
0.6,0.6,27,2.0,1.0,6.100000000000001e-10
0.8,0.6,27,2.0,1.0,0.00202400061
1.0,0.6,27,2.0,1.0,0.0182160006
1.2,0.6,27,2.0,1.0,0.0506000006
1.4,0.6,27,2.0,1.0,0.0971520006
1.6,0.6,27,2.0,1.0,0.145728001
1.8,0.6,27,2.0,1.0,0.194304001
0.0,0.8,27,2.0,1.0,8.1e-10
0.2,0.8,27,2.0,1.0,8.1e-10
0.4,0.8,27,2.0,1.0,8.1e-10
0.6,0.8,27,2.0,1.0,8.1e-10
0.8,0.8,27,2.0,1.0,0.0020320008099999998
1.0,0.8,27,2.0,1.0,0.018288000800000002
1.2,0.8,27,2.0,1.0,0.0508000008
1.4,0.8,27,2.0,1.0,0.0995680008
1.6,0.8,27,2.0,1.0,0.162560001
1.8,0.8,27,2.0,1.0,0.22758400099999998
0.0,1.0,27,2.0,1.0,1.01e-09
0.2,1.0,27,2.0,1.0,1.01e-09
0.4,1.0,27,2.0,1.0,1.01e-09
0.6,1.0,27,2.0,1.0,1.01e-09
0.8,1.0,27,2.0,1.0,0.00204000101
1.0,1.0,27,2.0,1.0,0.018360001
1.2,1.0,27,2.0,1.0,0.051000001
1.4,1.0,27,2.0,1.0,0.09996000099999999
1.6,1.0,27,2.0,1.0,0.165240001
1.8,1.0,27,2.0,1.0,0.244800001
0.0,1.2,27,2.0,1.0,1.2100000000000002e-09
0.2,1.2,27,2.0,1.0,1.2100000000000002e-09
0.4,1.2,27,2.0,1.0,1.2100000000000002e-09
0.6,1.2,27,2.0,1.0,1.2100000000000002e-09
0.8,1.2,27,2.0,1.0,0.0020480012100000003
1.0,1.2,27,2.0,1.0,0.018432001200000003
1.2,1.2,27,2.0,1.0,0.0512000012
1.4,1.2,27,2.0,1.0,0.100352001
1.6,1.2,27,2.0,1.0,0.16588800099999998
1.8,1.2,27,2.0,1.0,0.24780800100000003
0.0,1.4,27,2.0,1.0,1.41e-09
0.2,1.4,27,2.0,1.0,1.41e-09
0.4,1.4,27,2.0,1.0,1.41e-09
0.6,1.4,27,2.0,1.0,1.41e-09
0.8,1.4,27,2.0,1.0,0.00205600141
1.0,1.4,27,2.0,1.0,0.0185040014
1.2,1.4,27,2.0,1.0,0.0514000014
1.4,1.4,27,2.0,1.0,0.100744001
1.6,1.4,27,2.0,1.0,0.166536001
1.8,1.4,27,2.0,1.0,0.24877600099999997
0.0,1.6,27,2.0,1.0,1.61e-09
0.2,1.6,27,2.0,1.0,1.61e-09
0.4,1.6,27,2.0,1.0,1.61e-09
0.6,1.6,27,2.0,1.0,1.61e-09
0.8,1.6,27,2.0,1.0,0.0020640016100000004
1.0,1.6,27,2.0,1.0,0.0185760016
1.2,1.6,27,2.0,1.0,0.0516000016
1.4,1.6,27,2.0,1.0,0.10113600199999999
1.6,1.6,27,2.0,1.0,0.167184002
1.8,1.6,27,2.0,1.0,0.24974400199999996
0.0,1.8,27,2.0,1.0,1.81e-09
0.2,1.8,27,2.0,1.0,1.81e-09
0.4,1.8,27,2.0,1.0,1.81e-09
0.6,1.8,27,2.0,1.0,1.81e-09
0.8,1.8,27,2.0,1.0,0.0020720018099999998
1.0,1.8,27,2.0,1.0,0.0186480018
1.2,1.8,27,2.0,1.0,0.0518000018
1.4,1.8,27,2.0,1.0,0.101528002
1.6,1.8,27,2.0,1.0,0.16783200199999998
1.8,1.8,27,2.0,1.0,0.250712002
0.0,0.0,27,5.0,0.18,1e-11
0.2,0.0,27,5.0,0.18,-0.0
0.4,0.0,27,5.0,0.18,-0.0
0.6,0.0,27,5.0,0.18,-0.0
0.8,0.0,27,5.0,0.18,-0.0
1.0,0.0,27,5.0,0.18,-0.0
1.2,0.0,27,5.0,0.18,-0.0
1.4,0.0,27,5.0,0.18,-0.0
1.6,0.0,27,5.0,0.18,-0.0
1.8,0.0,27,5.0,0.18,-0.0
0.0,0.2,27,5.0,0.18,2.1e-10
0.2,0.2,27,5.0,0.18,2.1e-10
0.4,0.2,27,5.0,0.18,2.1e-10
0.6,0.2,27,5.0,0.18,2.1e-10
0.8,0.2,27,5.0,0.18,0.0278888891
1.0,0.2,27,5.0,0.18,0.223111111
1.2,0.2,27,5.0,0.18,0.446222222
1.4,0.2,27,5.0,0.18,0.6693333340000001
1.6,0.2,27,5.0,0.18,0.892444445
1.8,0.2,27,5.0,0.18,1.11555556
0.0,0.4,27,5.0,0.18,4.1000000000000003e-10
0.2,0.4,27,5.0,0.18,4.1000000000000003e-10
0.4,0.4,27,5.0,0.18,4.1000000000000003e-10
0.6,0.4,27,5.0,0.18,4.1000000000000003e-10
0.8,0.4,27,5.0,0.18,0.0280000004
1.0,0.4,27,5.0,0.18,0.252
1.2,0.4,27,5.0,0.18,0.6719999999999999
1.4,0.4,27,5.0,0.18,1.1199999999999999
1.6,0.4,27,5.0,0.18,1.568
1.8,0.4,27,5.0,0.18,2.016
0.0,0.6,27,5.0,0.18,6.100000000000001e-10
0.2,0.6,27,5.0,0.18,6.100000000000001e-10
0.4,0.6,27,5.0,0.18,6.100000000000001e-10
0.6,0.6,27,5.0,0.18,6.100000000000001e-10
0.8,0.6,27,5.0,0.18,0.0281111117
1.0,0.6,27,5.0,0.18,0.25300000100000003
1.2,0.6,27,5.0,0.18,0.702777778
1.4,0.6,27,5.0,0.18,1.34933333
1.6,0.6,27,5.0,0.18,2.024
1.8,0.6,27,5.0,0.18,2.69866667
0.0,0.8,27,5.0,0.18,8.1e-10
0.2,0.8,27,5.0,0.18,8.1e-10
0.4,0.8,27,5.0,0.18,8.1e-10
0.6,0.8,27,5.0,0.18,8.1e-10
0.8,0.8,27,5.0,0.18,0.028222222999999998
1.0,0.8,27,5.0,0.18,0.254000001
1.2,0.8,27,5.0,0.18,0.705555556
1.4,0.8,27,5.0,0.18,1.38288889
1.6,0.8,27,5.0,0.18,2.2577777799999996
1.8,0.8,27,5.0,0.18,3.1608888900000003
0.0,1.0,27,5.0,0.18,1.01e-09
0.2,1.0,27,5.0,0.18,1.01e-09
0.4,1.0,27,5.0,0.18,1.01e-09
0.6,1.0,27,5.0,0.18,1.01e-09
0.8,1.0,27,5.0,0.18,0.0283333343
1.0,1.0,27,5.0,0.18,0.25500000100000003
1.2,1.0,27,5.0,0.18,0.708333334
1.4,1.0,27,5.0,0.18,1.38833333
1.6,1.0,27,5.0,0.18,2.2950000000000004
1.8,1.0,27,5.0,0.18,3.4
0.0,1.2,27,5.0,0.18,1.2100000000000002e-09
0.2,1.2,27,5.0,0.18,1.2100000000000002e-09
0.4,1.2,27,5.0,0.18,1.2100000000000002e-09
0.6,1.2,27,5.0,0.18,1.2100000000000002e-09
0.8,1.2,27,5.0,0.18,0.028444445699999998
1.0,1.2,27,5.0,0.18,0.256000001
1.2,1.2,27,5.0,0.18,0.711111112
1.4,1.2,27,5.0,0.18,1.39377778
1.6,1.2,27,5.0,0.18,2.3040000000000003
1.8,1.2,27,5.0,0.18,3.44177778
0.0,1.4,27,5.0,0.18,1.41e-09
0.2,1.4,27,5.0,0.18,1.41e-09
0.4,1.4,27,5.0,0.18,1.41e-09
0.6,1.4,27,5.0,0.18,1.41e-09
0.8,1.4,27,5.0,0.18,0.028555557000000002
1.0,1.4,27,5.0,0.18,0.25700000100000003
1.2,1.4,27,5.0,0.18,0.71388889
1.4,1.4,27,5.0,0.18,1.3992222200000002
1.6,1.4,27,5.0,0.18,2.313
1.8,1.4,27,5.0,0.18,3.45522222
0.0,1.6,27,5.0,0.18,1.61e-09
0.2,1.6,27,5.0,0.18,1.61e-09
0.4,1.6,27,5.0,0.18,1.61e-09
0.6,1.6,27,5.0,0.18,1.61e-09
0.8,1.6,27,5.0,0.18,0.0286666683
1.0,1.6,27,5.0,0.18,0.25800000199999995
1.2,1.6,27,5.0,0.18,0.716666668
1.4,1.6,27,5.0,0.18,1.4046666700000001
1.6,1.6,27,5.0,0.18,2.322
1.8,1.6,27,5.0,0.18,3.4686666699999997
0.0,1.8,27,5.0,0.18,1.81e-09
0.2,1.8,27,5.0,0.18,1.81e-09
0.4,1.8,27,5.0,0.18,1.81e-09
0.6,1.8,27,5.0,0.18,1.81e-09
0.8,1.8,27,5.0,0.18,0.0287777796
1.0,1.8,27,5.0,0.18,0.259000002
1.2,1.8,27,5.0,0.18,0.719444446
1.4,1.8,27,5.0,0.18,1.41011111
1.6,1.8,27,5.0,0.18,2.331
1.8,1.8,27,5.0,0.18,3.48211111
0.0,0.0,27,5.0,0.5,1e-11
0.2,0.0,27,5.0,0.5,-0.0
0.4,0.0,27,5.0,0.5,-0.0
0.6,0.0,27,5.0,0.5,-0.0
0.8,0.0,27,5.0,0.5,-0.0
1.0,0.0,27,5.0,0.5,-0.0
1.2,0.0,27,5.0,0.5,-0.0
1.4,0.0,27,5.0,0.5,-0.0
1.6,0.0,27,5.0,0.5,-0.0
1.8,0.0,27,5.0,0.5,-0.0
0.0,0.2,27,5.0,0.5,2.1e-10
0.2,0.2,27,5.0,0.5,2.1e-10
0.4,0.2,27,5.0,0.5,2.1e-10
0.6,0.2,27,5.0,0.5,2.1e-10
0.8,0.2,27,5.0,0.5,0.0100400002
1.0,0.2,27,5.0,0.5,0.0803200002
1.2,0.2,27,5.0,0.5,0.16064
1.4,0.2,27,5.0,0.5,0.24096
1.6,0.2,27,5.0,0.5,0.32128
1.8,0.2,27,5.0,0.5,0.4016
0.0,0.4,27,5.0,0.5,4.1000000000000003e-10
0.2,0.4,27,5.0,0.5,4.1000000000000003e-10
0.4,0.4,27,5.0,0.5,4.1000000000000003e-10
0.6,0.4,27,5.0,0.5,4.1000000000000003e-10
0.8,0.4,27,5.0,0.5,0.0100800004
1.0,0.4,27,5.0,0.5,0.0907200004
1.2,0.4,27,5.0,0.5,0.24192
1.4,0.4,27,5.0,0.5,0.4032
1.6,0.4,27,5.0,0.5,0.56448
1.8,0.4,27,5.0,0.5,0.72576
0.0,0.6,27,5.0,0.5,6.100000000000001e-10
0.2,0.6,27,5.0,0.5,6.100000000000001e-10
0.4,0.6,27,5.0,0.5,6.100000000000001e-10
0.6,0.6,27,5.0,0.5,6.100000000000001e-10
0.8,0.6,27,5.0,0.5,0.0101200006
1.0,0.6,27,5.0,0.5,0.0910800006
1.2,0.6,27,5.0,0.5,0.25300000100000003
1.4,0.6,27,5.0,0.5,0.485760001
1.6,0.6,27,5.0,0.5,0.728640001
1.8,0.6,27,5.0,0.5,0.971520001
0.0,0.8,27,5.0,0.5,8.1e-10
0.2,0.8,27,5.0,0.5,8.1e-10
0.4,0.8,27,5.0,0.5,8.1e-10
0.6,0.8,27,5.0,0.5,8.1e-10
0.8,0.8,27,5.0,0.5,0.010160000800000001
1.0,0.8,27,5.0,0.5,0.0914400008
1.2,0.8,27,5.0,0.5,0.254000001
1.4,0.8,27,5.0,0.5,0.49784000100000003
1.6,0.8,27,5.0,0.5,0.812800001
1.8,0.8,27,5.0,0.5,1.13792
0.0,1.0,27,5.0,0.5,1.01e-09
0.2,1.0,27,5.0,0.5,1.01e-09
0.4,1.0,27,5.0,0.5,1.01e-09
0.6,1.0,27,5.0,0.5,1.01e-09
0.8,1.0,27,5.0,0.5,0.010200001
1.0,1.0,27,5.0,0.5,0.091800001
1.2,1.0,27,5.0,0.5,0.25500000100000003
1.4,1.0,27,5.0,0.5,0.499800001
1.6,1.0,27,5.0,0.5,0.826200001
1.8,1.0,27,5.0,0.5,1.224
0.0,1.2,27,5.0,0.5,1.2100000000000002e-09
0.2,1.2,27,5.0,0.5,1.2100000000000002e-09
0.4,1.2,27,5.0,0.5,1.2100000000000002e-09
0.6,1.2,27,5.0,0.5,1.2100000000000002e-09
0.8,1.2,27,5.0,0.5,0.0102400012
1.0,1.2,27,5.0,0.5,0.09216000120000001
1.2,1.2,27,5.0,0.5,0.256000001
1.4,1.2,27,5.0,0.5,0.501760001
1.6,1.2,27,5.0,0.5,0.8294400009999999
1.8,1.2,27,5.0,0.5,1.2390400000000001
0.0,1.4,27,5.0,0.5,1.41e-09
0.2,1.4,27,5.0,0.5,1.41e-09
0.4,1.4,27,5.0,0.5,1.41e-09
0.6,1.4,27,5.0,0.5,1.41e-09
0.8,1.4,27,5.0,0.5,0.0102800014
1.0,1.4,27,5.0,0.5,0.09252000140000001
1.2,1.4,27,5.0,0.5,0.25700000100000003
1.4,1.4,27,5.0,0.5,0.503720001
1.6,1.4,27,5.0,0.5,0.8326800010000001
1.8,1.4,27,5.0,0.5,1.2438799999999999
0.0,1.6,27,5.0,0.5,1.61e-09
0.2,1.6,27,5.0,0.5,1.61e-09
0.4,1.6,27,5.0,0.5,1.61e-09
0.6,1.6,27,5.0,0.5,1.61e-09
0.8,1.6,27,5.0,0.5,0.0103200016
1.0,1.6,27,5.0,0.5,0.0928800016
1.2,1.6,27,5.0,0.5,0.25800000199999995
1.4,1.6,27,5.0,0.5,0.505680002
1.6,1.6,27,5.0,0.5,0.8359200019999999
1.8,1.6,27,5.0,0.5,1.24872
0.0,1.8,27,5.0,0.5,1.81e-09
0.2,1.8,27,5.0,0.5,1.81e-09
0.4,1.8,27,5.0,0.5,1.81e-09
0.6,1.8,27,5.0,0.5,1.81e-09
0.8,1.8,27,5.0,0.5,0.0103600018
1.0,1.8,27,5.0,0.5,0.0932400018
1.2,1.8,27,5.0,0.5,0.259000002
1.4,1.8,27,5.0,0.5,0.5076400019999999
1.6,1.8,27,5.0,0.5,0.8391600020000001
1.8,1.8,27,5.0,0.5,1.25356
0.0,0.0,27,5.0,1.0,1e-11
0.2,0.0,27,5.0,1.0,-0.0
0.4,0.0,27,5.0,1.0,-0.0
0.6,0.0,27,5.0,1.0,-0.0
0.8,0.0,27,5.0,1.0,-0.0
1.0,0.0,27,5.0,1.0,-0.0
1.2,0.0,27,5.0,1.0,-0.0
1.4,0.0,27,5.0,1.0,-0.0
1.6,0.0,27,5.0,1.0,-0.0
1.8,0.0,27,5.0,1.0,-0.0
0.0,0.2,27,5.0,1.0,2.1e-10
0.2,0.2,27,5.0,1.0,2.1e-10
0.4,0.2,27,5.0,1.0,2.1e-10
0.6,0.2,27,5.0,1.0,2.1e-10
0.8,0.2,27,5.0,1.0,0.00502000021
1.0,0.2,27,5.0,1.0,0.0401600002
1.2,0.2,27,5.0,1.0,0.0803200002
1.4,0.2,27,5.0,1.0,0.12048
1.6,0.2,27,5.0,1.0,0.16064
1.8,0.2,27,5.0,1.0,0.2008
0.0,0.4,27,5.0,1.0,4.1000000000000003e-10
0.2,0.4,27,5.0,1.0,4.1000000000000003e-10
0.4,0.4,27,5.0,1.0,4.1000000000000003e-10
0.6,0.4,27,5.0,1.0,4.1000000000000003e-10
0.8,0.4,27,5.0,1.0,0.0050400004099999994
1.0,0.4,27,5.0,1.0,0.045360000399999996
1.2,0.4,27,5.0,1.0,0.12096
1.4,0.4,27,5.0,1.0,0.2016
1.6,0.4,27,5.0,1.0,0.28224
1.8,0.4,27,5.0,1.0,0.36288
0.0,0.6,27,5.0,1.0,6.100000000000001e-10
0.2,0.6,27,5.0,1.0,6.100000000000001e-10
0.4,0.6,27,5.0,1.0,6.100000000000001e-10
0.6,0.6,27,5.0,1.0,6.100000000000001e-10
0.8,0.6,27,5.0,1.0,0.00506000061
1.0,0.6,27,5.0,1.0,0.0455400006
1.2,0.6,27,5.0,1.0,0.126500001
1.4,0.6,27,5.0,1.0,0.242880001
1.6,0.6,27,5.0,1.0,0.364320001
1.8,0.6,27,5.0,1.0,0.485760001
0.0,0.8,27,5.0,1.0,8.1e-10
0.2,0.8,27,5.0,1.0,8.1e-10
0.4,0.8,27,5.0,1.0,8.1e-10
0.6,0.8,27,5.0,1.0,8.1e-10
0.8,0.8,27,5.0,1.0,0.00508000081
1.0,0.8,27,5.0,1.0,0.0457200008
1.2,0.8,27,5.0,1.0,0.127000001
1.4,0.8,27,5.0,1.0,0.24892000100000003
1.6,0.8,27,5.0,1.0,0.406400001
1.8,0.8,27,5.0,1.0,0.568960001
0.0,1.0,27,5.0,1.0,1.01e-09
0.2,1.0,27,5.0,1.0,1.01e-09
0.4,1.0,27,5.0,1.0,1.01e-09
0.6,1.0,27,5.0,1.0,1.01e-09
0.8,1.0,27,5.0,1.0,0.005100001010000001
1.0,1.0,27,5.0,1.0,0.045900001
1.2,1.0,27,5.0,1.0,0.127500001
1.4,1.0,27,5.0,1.0,0.249900001
1.6,1.0,27,5.0,1.0,0.413100001
1.8,1.0,27,5.0,1.0,0.6120000010000001
0.0,1.2,27,5.0,1.0,1.2100000000000002e-09
0.2,1.2,27,5.0,1.0,1.2100000000000002e-09
0.4,1.2,27,5.0,1.0,1.2100000000000002e-09
0.6,1.2,27,5.0,1.0,1.2100000000000002e-09
0.8,1.2,27,5.0,1.0,0.00512000121
1.0,1.2,27,5.0,1.0,0.0460800012
1.2,1.2,27,5.0,1.0,0.128000001
1.4,1.2,27,5.0,1.0,0.25088000099999996
1.6,1.2,27,5.0,1.0,0.414720001
1.8,1.2,27,5.0,1.0,0.619520001
0.0,1.4,27,5.0,1.0,1.41e-09
0.2,1.4,27,5.0,1.0,1.41e-09
0.4,1.4,27,5.0,1.0,1.41e-09
0.6,1.4,27,5.0,1.0,1.41e-09
0.8,1.4,27,5.0,1.0,0.00514000141
1.0,1.4,27,5.0,1.0,0.04626000139999999
1.2,1.4,27,5.0,1.0,0.128500001
1.4,1.4,27,5.0,1.0,0.251860001
1.6,1.4,27,5.0,1.0,0.416340001
1.8,1.4,27,5.0,1.0,0.621940001
0.0,1.6,27,5.0,1.0,1.61e-09
0.2,1.6,27,5.0,1.0,1.61e-09
0.4,1.6,27,5.0,1.0,1.61e-09
0.6,1.6,27,5.0,1.0,1.61e-09
0.8,1.6,27,5.0,1.0,0.00516000161
1.0,1.6,27,5.0,1.0,0.0464400016
1.2,1.6,27,5.0,1.0,0.129000002
1.4,1.6,27,5.0,1.0,0.252840002
1.6,1.6,27,5.0,1.0,0.417960002
1.8,1.6,27,5.0,1.0,0.624360002
0.0,1.8,27,5.0,1.0,1.81e-09
0.2,1.8,27,5.0,1.0,1.81e-09
0.4,1.8,27,5.0,1.0,1.81e-09
0.6,1.8,27,5.0,1.0,1.81e-09
0.8,1.8,27,5.0,1.0,0.00518000181
1.0,1.8,27,5.0,1.0,0.0466200018
1.2,1.8,27,5.0,1.0,0.129500002
1.4,1.8,27,5.0,1.0,0.25382000200000004
1.6,1.8,27,5.0,1.0,0.419580002
1.8,1.8,27,5.0,1.0,0.626780002
0.0,0.0,27,10.0,0.18,1e-11
0.2,0.0,27,10.0,0.18,-0.0
0.4,0.0,27,10.0,0.18,-0.0
0.6,0.0,27,10.0,0.18,-0.0
0.8,0.0,27,10.0,0.18,-0.0
1.0,0.0,27,10.0,0.18,-0.0
1.2,0.0,27,10.0,0.18,-0.0
1.4,0.0,27,10.0,0.18,-0.0
1.6,0.0,27,10.0,0.18,-0.0
1.8,0.0,27,10.0,0.18,-0.0
0.0,0.2,27,10.0,0.18,2.1e-10
0.2,0.2,27,10.0,0.18,2.1e-10
0.4,0.2,27,10.0,0.18,2.1e-10
0.6,0.2,27,10.0,0.18,2.1e-10
0.8,0.2,27,10.0,0.18,0.055777778
1.0,0.2,27,10.0,0.18,0.446222222
1.2,0.2,27,10.0,0.18,0.892444445
1.4,0.2,27,10.0,0.18,1.33866667
1.6,0.2,27,10.0,0.18,1.78488889
1.8,0.2,27,10.0,0.18,2.23111111
0.0,0.4,27,10.0,0.18,4.1000000000000003e-10
0.2,0.4,27,10.0,0.18,4.1000000000000003e-10
0.4,0.4,27,10.0,0.18,4.1000000000000003e-10
0.6,0.4,27,10.0,0.18,4.1000000000000003e-10
0.8,0.4,27,10.0,0.18,0.0560000004
1.0,0.4,27,10.0,0.18,0.504
1.2,0.4,27,10.0,0.18,1.3439999999999999
1.4,0.4,27,10.0,0.18,2.2399999999999998
1.6,0.4,27,10.0,0.18,3.136
1.8,0.4,27,10.0,0.18,4.032
0.0,0.6,27,10.0,0.18,6.100000000000001e-10
0.2,0.6,27,10.0,0.18,6.100000000000001e-10
0.4,0.6,27,10.0,0.18,6.100000000000001e-10
0.6,0.6,27,10.0,0.18,6.100000000000001e-10
0.8,0.6,27,10.0,0.18,0.0562222228
1.0,0.6,27,10.0,0.18,0.5060000010000001
1.2,0.6,27,10.0,0.18,1.40555556
1.4,0.6,27,10.0,0.18,2.69866667
1.6,0.6,27,10.0,0.18,4.048
1.8,0.6,27,10.0,0.18,5.39733333
0.0,0.8,27,10.0,0.18,8.1e-10
0.2,0.8,27,10.0,0.18,8.1e-10
0.4,0.8,27,10.0,0.18,8.1e-10
0.6,0.8,27,10.0,0.18,8.1e-10
0.8,0.8,27,10.0,0.18,0.0564444453
1.0,0.8,27,10.0,0.18,0.508000001
1.2,0.8,27,10.0,0.18,1.41111111
1.4,0.8,27,10.0,0.18,2.76577778
1.6,0.8,27,10.0,0.18,4.515555559999999
1.8,0.8,27,10.0,0.18,6.321777780000001
0.0,1.0,27,10.0,0.18,1.01e-09
0.2,1.0,27,10.0,0.18,1.01e-09
0.4,1.0,27,10.0,0.18,1.01e-09
0.6,1.0,27,10.0,0.18,1.01e-09
0.8,1.0,27,10.0,0.18,0.0566666677
1.0,1.0,27,10.0,0.18,0.510000001
1.2,1.0,27,10.0,0.18,1.41666667
1.4,1.0,27,10.0,0.18,2.77666667
1.6,1.0,27,10.0,0.18,4.590000000000001
1.8,1.0,27,10.0,0.18,6.8
0.0,1.2,27,10.0,0.18,1.2100000000000002e-09
0.2,1.2,27,10.0,0.18,1.2100000000000002e-09
0.4,1.2,27,10.0,0.18,1.2100000000000002e-09
0.6,1.2,27,10.0,0.18,1.2100000000000002e-09
0.8,1.2,27,10.0,0.18,0.0568888901
1.0,1.2,27,10.0,0.18,0.512000001
1.2,1.2,27,10.0,0.18,1.42222222
1.4,1.2,27,10.0,0.18,2.78755556
1.6,1.2,27,10.0,0.18,4.6080000000000005
1.8,1.2,27,10.0,0.18,6.88355556
0.0,1.4,27,10.0,0.18,1.41e-09
0.2,1.4,27,10.0,0.18,1.41e-09
0.4,1.4,27,10.0,0.18,1.41e-09
0.6,1.4,27,10.0,0.18,1.41e-09
0.8,1.4,27,10.0,0.18,0.0571111125
1.0,1.4,27,10.0,0.18,0.514000001
1.2,1.4,27,10.0,0.18,1.42777778
1.4,1.4,27,10.0,0.18,2.7984444500000003
1.6,1.4,27,10.0,0.18,4.626
1.8,1.4,27,10.0,0.18,6.91044445
0.0,1.6,27,10.0,0.18,1.61e-09
0.2,1.6,27,10.0,0.18,1.61e-09
0.4,1.6,27,10.0,0.18,1.61e-09
0.6,1.6,27,10.0,0.18,1.61e-09
0.8,1.6,27,10.0,0.18,0.0573333349
1.0,1.6,27,10.0,0.18,0.516000002
1.2,1.6,27,10.0,0.18,1.43333333
1.4,1.6,27,10.0,0.18,2.8093333300000003
1.6,1.6,27,10.0,0.18,4.644
1.8,1.6,27,10.0,0.18,6.9373333299999995
0.0,1.8,27,10.0,0.18,1.81e-09
0.2,1.8,27,10.0,0.18,1.81e-09
0.4,1.8,27,10.0,0.18,1.81e-09
0.6,1.8,27,10.0,0.18,1.81e-09
0.8,1.8,27,10.0,0.18,0.0575555574
1.0,1.8,27,10.0,0.18,0.518000002
1.2,1.8,27,10.0,0.18,1.43888889
1.4,1.8,27,10.0,0.18,2.82022222
1.6,1.8,27,10.0,0.18,4.662
1.8,1.8,27,10.0,0.18,6.96422222
0.0,0.0,27,10.0,0.5,1e-11
0.2,0.0,27,10.0,0.5,-0.0
0.4,0.0,27,10.0,0.5,-0.0
0.6,0.0,27,10.0,0.5,-0.0
0.8,0.0,27,10.0,0.5,-0.0
1.0,0.0,27,10.0,0.5,-0.0
1.2,0.0,27,10.0,0.5,-0.0
1.4,0.0,27,10.0,0.5,-0.0
1.6,0.0,27,10.0,0.5,-0.0
1.8,0.0,27,10.0,0.5,-0.0
0.0,0.2,27,10.0,0.5,2.1e-10
0.2,0.2,27,10.0,0.5,2.1e-10
0.4,0.2,27,10.0,0.5,2.1e-10
0.6,0.2,27,10.0,0.5,2.1e-10
0.8,0.2,27,10.0,0.5,0.0200800002
1.0,0.2,27,10.0,0.5,0.16064
1.2,0.2,27,10.0,0.5,0.32128
1.4,0.2,27,10.0,0.5,0.48192
1.6,0.2,27,10.0,0.5,0.64256
1.8,0.2,27,10.0,0.5,0.8032
0.0,0.4,27,10.0,0.5,4.1000000000000003e-10
0.2,0.4,27,10.0,0.5,4.1000000000000003e-10
0.4,0.4,27,10.0,0.5,4.1000000000000003e-10
0.6,0.4,27,10.0,0.5,4.1000000000000003e-10
0.8,0.4,27,10.0,0.5,0.0201600004
1.0,0.4,27,10.0,0.5,0.18144
1.2,0.4,27,10.0,0.5,0.48384
1.4,0.4,27,10.0,0.5,0.8064
1.6,0.4,27,10.0,0.5,1.12896
1.8,0.4,27,10.0,0.5,1.45152
0.0,0.6,27,10.0,0.5,6.100000000000001e-10
0.2,0.6,27,10.0,0.5,6.100000000000001e-10
0.4,0.6,27,10.0,0.5,6.100000000000001e-10
0.6,0.6,27,10.0,0.5,6.100000000000001e-10
0.8,0.6,27,10.0,0.5,0.0202400006
1.0,0.6,27,10.0,0.5,0.182160001
1.2,0.6,27,10.0,0.5,0.5060000010000001
1.4,0.6,27,10.0,0.5,0.971520001
1.6,0.6,27,10.0,0.5,1.4572800000000001
1.8,0.6,27,10.0,0.5,1.94304
0.0,0.8,27,10.0,0.5,8.1e-10
0.2,0.8,27,10.0,0.5,8.1e-10
0.4,0.8,27,10.0,0.5,8.1e-10
0.6,0.8,27,10.0,0.5,8.1e-10
0.8,0.8,27,10.0,0.5,0.0203200008
1.0,0.8,27,10.0,0.5,0.18288000100000001
1.2,0.8,27,10.0,0.5,0.508000001
1.4,0.8,27,10.0,0.5,0.9956800010000001
1.6,0.8,27,10.0,0.5,1.6256000000000002
1.8,0.8,27,10.0,0.5,2.27584
0.0,1.0,27,10.0,0.5,1.01e-09
0.2,1.0,27,10.0,0.5,1.01e-09
0.4,1.0,27,10.0,0.5,1.01e-09
0.6,1.0,27,10.0,0.5,1.01e-09
0.8,1.0,27,10.0,0.5,0.020400001
1.0,1.0,27,10.0,0.5,0.183600001
1.2,1.0,27,10.0,0.5,0.510000001
1.4,1.0,27,10.0,0.5,0.999600001
1.6,1.0,27,10.0,0.5,1.6524
1.8,1.0,27,10.0,0.5,2.448
0.0,1.2,27,10.0,0.5,1.2100000000000002e-09
0.2,1.2,27,10.0,0.5,1.2100000000000002e-09
0.4,1.2,27,10.0,0.5,1.2100000000000002e-09
0.6,1.2,27,10.0,0.5,1.2100000000000002e-09
0.8,1.2,27,10.0,0.5,0.0204800012
1.0,1.2,27,10.0,0.5,0.18432000099999998
1.2,1.2,27,10.0,0.5,0.512000001
1.4,1.2,27,10.0,0.5,1.00352
1.6,1.2,27,10.0,0.5,1.65888
1.8,1.2,27,10.0,0.5,2.4780800000000003
0.0,1.4,27,10.0,0.5,1.41e-09
0.2,1.4,27,10.0,0.5,1.41e-09
0.4,1.4,27,10.0,0.5,1.41e-09
0.6,1.4,27,10.0,0.5,1.41e-09
0.8,1.4,27,10.0,0.5,0.0205600014
1.0,1.4,27,10.0,0.5,0.185040001
1.2,1.4,27,10.0,0.5,0.514000001
1.4,1.4,27,10.0,0.5,1.0074400000000001
1.6,1.4,27,10.0,0.5,1.66536
1.8,1.4,27,10.0,0.5,2.4877599999999997
0.0,1.6,27,10.0,0.5,1.61e-09
0.2,1.6,27,10.0,0.5,1.61e-09
0.4,1.6,27,10.0,0.5,1.61e-09
0.6,1.6,27,10.0,0.5,1.61e-09
0.8,1.6,27,10.0,0.5,0.020640001600000003
1.0,1.6,27,10.0,0.5,0.185760002
1.2,1.6,27,10.0,0.5,0.516000002
1.4,1.6,27,10.0,0.5,1.01136
1.6,1.6,27,10.0,0.5,1.67184
1.8,1.6,27,10.0,0.5,2.49744
0.0,1.8,27,10.0,0.5,1.81e-09
0.2,1.8,27,10.0,0.5,1.81e-09
0.4,1.8,27,10.0,0.5,1.81e-09
0.6,1.8,27,10.0,0.5,1.81e-09
0.8,1.8,27,10.0,0.5,0.020720001800000002
1.0,1.8,27,10.0,0.5,0.186480002
1.2,1.8,27,10.0,0.5,0.518000002
1.4,1.8,27,10.0,0.5,1.01528
1.6,1.8,27,10.0,0.5,1.67832
1.8,1.8,27,10.0,0.5,2.50712
0.0,0.0,27,10.0,1.0,1e-11
0.2,0.0,27,10.0,1.0,-0.0
0.4,0.0,27,10.0,1.0,-0.0
0.6,0.0,27,10.0,1.0,-0.0
0.8,0.0,27,10.0,1.0,-0.0
1.0,0.0,27,10.0,1.0,-0.0
1.2,0.0,27,10.0,1.0,-0.0
1.4,0.0,27,10.0,1.0,-0.0
1.6,0.0,27,10.0,1.0,-0.0
1.8,0.0,27,10.0,1.0,-0.0
0.0,0.2,27,10.0,1.0,2.1e-10
0.2,0.2,27,10.0,1.0,2.1e-10
0.4,0.2,27,10.0,1.0,2.1e-10
0.6,0.2,27,10.0,1.0,2.1e-10
0.8,0.2,27,10.0,1.0,0.0100400002
1.0,0.2,27,10.0,1.0,0.0803200002
1.2,0.2,27,10.0,1.0,0.16064
1.4,0.2,27,10.0,1.0,0.24096
1.6,0.2,27,10.0,1.0,0.32128
1.8,0.2,27,10.0,1.0,0.4016
0.0,0.4,27,10.0,1.0,4.1000000000000003e-10
0.2,0.4,27,10.0,1.0,4.1000000000000003e-10
0.4,0.4,27,10.0,1.0,4.1000000000000003e-10
0.6,0.4,27,10.0,1.0,4.1000000000000003e-10
0.8,0.4,27,10.0,1.0,0.0100800004
1.0,0.4,27,10.0,1.0,0.0907200004
1.2,0.4,27,10.0,1.0,0.24192
1.4,0.4,27,10.0,1.0,0.4032
1.6,0.4,27,10.0,1.0,0.56448
1.8,0.4,27,10.0,1.0,0.72576
0.0,0.6,27,10.0,1.0,6.100000000000001e-10
0.2,0.6,27,10.0,1.0,6.100000000000001e-10
0.4,0.6,27,10.0,1.0,6.100000000000001e-10
0.6,0.6,27,10.0,1.0,6.100000000000001e-10
0.8,0.6,27,10.0,1.0,0.0101200006
1.0,0.6,27,10.0,1.0,0.0910800006
1.2,0.6,27,10.0,1.0,0.25300000100000003
1.4,0.6,27,10.0,1.0,0.485760001
1.6,0.6,27,10.0,1.0,0.728640001
1.8,0.6,27,10.0,1.0,0.971520001
0.0,0.8,27,10.0,1.0,8.1e-10
0.2,0.8,27,10.0,1.0,8.1e-10
0.4,0.8,27,10.0,1.0,8.1e-10
0.6,0.8,27,10.0,1.0,8.1e-10
0.8,0.8,27,10.0,1.0,0.010160000800000001
1.0,0.8,27,10.0,1.0,0.0914400008
1.2,0.8,27,10.0,1.0,0.254000001
1.4,0.8,27,10.0,1.0,0.49784000100000003
1.6,0.8,27,10.0,1.0,0.812800001
1.8,0.8,27,10.0,1.0,1.13792
0.0,1.0,27,10.0,1.0,1.01e-09
0.2,1.0,27,10.0,1.0,1.01e-09
0.4,1.0,27,10.0,1.0,1.01e-09
0.6,1.0,27,10.0,1.0,1.01e-09
0.8,1.0,27,10.0,1.0,0.010200001
1.0,1.0,27,10.0,1.0,0.091800001
1.2,1.0,27,10.0,1.0,0.25500000100000003
1.4,1.0,27,10.0,1.0,0.499800001
1.6,1.0,27,10.0,1.0,0.826200001
1.8,1.0,27,10.0,1.0,1.224
0.0,1.2,27,10.0,1.0,1.2100000000000002e-09
0.2,1.2,27,10.0,1.0,1.2100000000000002e-09
0.4,1.2,27,10.0,1.0,1.2100000000000002e-09
0.6,1.2,27,10.0,1.0,1.2100000000000002e-09
0.8,1.2,27,10.0,1.0,0.0102400012
1.0,1.2,27,10.0,1.0,0.09216000120000001
1.2,1.2,27,10.0,1.0,0.256000001
1.4,1.2,27,10.0,1.0,0.501760001
1.6,1.2,27,10.0,1.0,0.8294400009999999
1.8,1.2,27,10.0,1.0,1.2390400000000001
0.0,1.4,27,10.0,1.0,1.41e-09
0.2,1.4,27,10.0,1.0,1.41e-09
0.4,1.4,27,10.0,1.0,1.41e-09
0.6,1.4,27,10.0,1.0,1.41e-09
0.8,1.4,27,10.0,1.0,0.0102800014
1.0,1.4,27,10.0,1.0,0.09252000140000001
1.2,1.4,27,10.0,1.0,0.25700000100000003
1.4,1.4,27,10.0,1.0,0.503720001
1.6,1.4,27,10.0,1.0,0.8326800010000001
1.8,1.4,27,10.0,1.0,1.2438799999999999
0.0,1.6,27,10.0,1.0,1.61e-09
0.2,1.6,27,10.0,1.0,1.61e-09
0.4,1.6,27,10.0,1.0,1.61e-09
0.6,1.6,27,10.0,1.0,1.61e-09
0.8,1.6,27,10.0,1.0,0.0103200016
1.0,1.6,27,10.0,1.0,0.0928800016
1.2,1.6,27,10.0,1.0,0.25800000199999995
1.4,1.6,27,10.0,1.0,0.505680002
1.6,1.6,27,10.0,1.0,0.8359200019999999
1.8,1.6,27,10.0,1.0,1.24872
0.0,1.8,27,10.0,1.0,1.81e-09
0.2,1.8,27,10.0,1.0,1.81e-09
0.4,1.8,27,10.0,1.0,1.81e-09
0.6,1.8,27,10.0,1.0,1.81e-09
0.8,1.8,27,10.0,1.0,0.0103600018
1.0,1.8,27,10.0,1.0,0.0932400018
1.2,1.8,27,10.0,1.0,0.259000002
1.4,1.8,27,10.0,1.0,0.5076400019999999
1.6,1.8,27,10.0,1.0,0.8391600020000001
1.8,1.8,27,10.0,1.0,1.25356
0.0,0.0,75,2.0,0.18,-0.0
0.2,0.0,75,2.0,0.18,-0.0
0.4,0.0,75,2.0,0.18,-0.0
0.6,0.0,75,2.0,0.18,-0.0
0.8,0.0,75,2.0,0.18,-0.0
1.0,0.0,75,2.0,0.18,-0.0
1.2,0.0,75,2.0,0.18,-0.0
1.4,0.0,75,2.0,0.18,-0.0
1.6,0.0,75,2.0,0.18,-0.0
1.8,0.0,75,2.0,0.18,-0.0
0.0,0.2,75,2.0,0.18,6.18613266e-09
0.2,0.2,75,2.0,0.18,6.18613266e-09
0.4,0.2,75,2.0,0.18,6.18613266e-09
0.6,0.2,75,2.0,0.18,6.18613266e-09
0.8,0.2,75,2.0,0.18,0.0195238449
1.0,0.2,75,2.0,0.18,0.0885360153
1.2,0.2,75,2.0,0.18,0.159975631
1.4,0.2,75,2.0,0.18,0.231415248
1.6,0.2,75,2.0,0.18,0.302854864
1.8,0.2,75,2.0,0.18,0.37429448
0.0,0.4,75,2.0,0.18,6.38613266e-09
0.2,0.4,75,2.0,0.18,6.38613266e-09
0.4,0.4,75,2.0,0.18,6.38613266e-09
0.6,0.4,75,2.0,0.18,6.38613266e-09
0.8,0.4,75,2.0,0.18,0.0196016293
1.0,0.4,75,2.0,0.18,0.108490372
1.2,0.4,75,2.0,0.18,0.24950172699999998
1.4,0.4,75,2.0,0.18,0.392950199
1.6,0.4,75,2.0,0.18,0.536398672
1.8,0.4,75,2.0,0.18,0.679847144
0.0,0.6,75,2.0,0.18,6.58613266e-09
0.2,0.6,75,2.0,0.18,6.58613266e-09
0.4,0.6,75,2.0,0.18,6.58613266e-09
0.6,0.6,75,2.0,0.18,6.58613266e-09
0.8,0.6,75,2.0,0.18,0.0196794137
1.0,0.6,75,2.0,0.18,0.108920889
1.2,0.6,75,2.0,0.18,0.270171221
1.4,0.6,75,2.0,0.18,0.48375100099999996
1.6,0.6,75,2.0,0.18,0.699777569
1.8,0.6,75,2.0,0.18,0.9158041379999999
0.0,0.8,75,2.0,0.18,6.78613266e-09
0.2,0.8,75,2.0,0.18,6.78613266e-09
0.4,0.8,75,2.0,0.18,6.78613266e-09
0.6,0.8,75,2.0,0.18,6.78613266e-09
0.8,0.8,75,2.0,0.18,0.0197571982
1.0,0.8,75,2.0,0.18,0.109351407
1.2,0.8,75,2.0,0.18,0.271239091
1.4,0.8,75,2.0,0.18,0.505420252
1.6,0.8,75,2.0,0.18,0.792137697
1.8,0.8,75,2.0,0.18,1.0813116
0.0,1.0,75,2.0,0.18,6.98613266e-09
0.2,1.0,75,2.0,0.18,6.98613266e-09
0.4,1.0,75,2.0,0.18,6.98613266e-09
0.6,1.0,75,2.0,0.18,6.98613266e-09
0.8,1.0,75,2.0,0.18,0.0198349826
1.0,1.0,75,2.0,0.18,0.109781924
1.2,1.0,75,2.0,0.18,0.272306962
1.4,1.0,75,2.0,0.18,0.507410096
1.6,1.0,75,2.0,0.18,0.815091325
1.8,1.0,75,2.0,0.18,1.17551568
0.0,1.2,75,2.0,0.18,7.18613266e-09
0.2,1.2,75,2.0,0.18,7.18613266e-09
0.4,1.2,75,2.0,0.18,7.18613266e-09
0.6,1.2,75,2.0,0.18,7.18613266e-09
0.8,1.2,75,2.0,0.18,0.019912767
1.0,1.2,75,2.0,0.18,0.11021244200000001
1.2,1.2,75,2.0,0.18,0.273374832
1.4,1.2,75,2.0,0.18,0.509399939
1.6,1.2,75,2.0,0.18,0.818287762
1.8,1.2,75,2.0,0.18,1.2000383
0.0,1.4,75,2.0,0.18,7.38613266e-09
0.2,1.4,75,2.0,0.18,7.38613266e-09
0.4,1.4,75,2.0,0.18,7.38613266e-09
0.6,1.4,75,2.0,0.18,7.38613266e-09
0.8,1.4,75,2.0,0.18,0.0199905514
1.0,1.4,75,2.0,0.18,0.110642959
1.2,1.4,75,2.0,0.18,0.274442703
1.4,1.4,75,2.0,0.18,0.511389783
1.6,1.4,75,2.0,0.18,0.821484199
1.8,1.4,75,2.0,0.18,1.2047259499999998
0.0,1.6,75,2.0,0.18,7.58613266e-09
0.2,1.6,75,2.0,0.18,7.58613266e-09
0.4,1.6,75,2.0,0.18,7.58613266e-09
0.6,1.6,75,2.0,0.18,7.58613266e-09
0.8,1.6,75,2.0,0.18,0.0200683358
1.0,1.6,75,2.0,0.18,0.111073477
1.2,1.6,75,2.0,0.18,0.275510574
1.4,1.6,75,2.0,0.18,0.513379627
1.6,1.6,75,2.0,0.18,0.824680636
1.8,1.6,75,2.0,0.18,1.2094136000000002
0.0,1.8,75,2.0,0.18,7.78613266e-09
0.2,1.8,75,2.0,0.18,7.78613266e-09
0.4,1.8,75,2.0,0.18,7.78613266e-09
0.6,1.8,75,2.0,0.18,7.78613266e-09
0.8,1.8,75,2.0,0.18,0.020146120200000003
1.0,1.8,75,2.0,0.18,0.11150399400000001
1.2,1.8,75,2.0,0.18,0.276578444
1.4,1.8,75,2.0,0.18,0.51536947
1.6,1.8,75,2.0,0.18,0.827877072
1.8,1.8,75,2.0,0.18,1.2141012500000001
0.0,0.0,75,2.0,0.5,-0.0
0.2,0.0,75,2.0,0.5,-0.0
0.4,0.0,75,2.0,0.5,-0.0
0.6,0.0,75,2.0,0.5,-0.0
0.8,0.0,75,2.0,0.5,-0.0
1.0,0.0,75,2.0,0.5,-0.0
1.2,0.0,75,2.0,0.5,-0.0
1.4,0.0,75,2.0,0.5,-0.0
1.6,0.0,75,2.0,0.5,-0.0
1.8,0.0,75,2.0,0.5,-0.0
0.0,0.2,75,2.0,0.5,6.18613266e-09
0.2,0.2,75,2.0,0.5,6.18613266e-09
0.4,0.2,75,2.0,0.5,6.18613266e-09
0.6,0.2,75,2.0,0.5,6.18613266e-09
0.8,0.2,75,2.0,0.5,0.00702858812
1.0,0.2,75,2.0,0.5,0.0318729695
1.2,0.2,75,2.0,0.5,0.0575912313
1.4,0.2,75,2.0,0.5,0.08330949309999999
1.6,0.2,75,2.0,0.5,0.109027755
1.8,0.2,75,2.0,0.5,0.134746017
0.0,0.4,75,2.0,0.5,6.38613266e-09
0.2,0.4,75,2.0,0.5,6.38613266e-09
0.4,0.4,75,2.0,0.5,6.38613266e-09
0.6,0.4,75,2.0,0.5,6.38613266e-09
0.8,0.4,75,2.0,0.5,0.007056590640000001
1.0,0.4,75,2.0,0.5,0.0390565378
1.2,0.4,75,2.0,0.5,0.0898206258
1.4,0.4,75,2.0,0.5,0.141462076
1.6,0.4,75,2.0,0.5,0.193103526
1.8,0.4,75,2.0,0.5,0.24474497599999998
0.0,0.6,75,2.0,0.5,6.58613266e-09
0.2,0.6,75,2.0,0.5,6.58613266e-09
0.4,0.6,75,2.0,0.5,6.58613266e-09
0.6,0.6,75,2.0,0.5,6.58613266e-09
0.8,0.6,75,2.0,0.5,0.0070845931599999995
1.0,0.6,75,2.0,0.5,0.0392115243
1.2,0.6,75,2.0,0.5,0.0972616436
1.4,0.6,75,2.0,0.5,0.174150365
1.6,0.6,75,2.0,0.5,0.251919929
1.8,0.6,75,2.0,0.5,0.329689494
0.0,0.8,75,2.0,0.5,6.78613266e-09
0.2,0.8,75,2.0,0.5,6.78613266e-09
0.4,0.8,75,2.0,0.5,6.78613266e-09
0.6,0.8,75,2.0,0.5,6.78613266e-09
0.8,0.8,75,2.0,0.5,0.00711259568
1.0,0.8,75,2.0,0.5,0.039366510699999996
1.2,0.8,75,2.0,0.5,0.0976460771
1.4,0.8,75,2.0,0.5,0.181951295
1.6,0.8,75,2.0,0.5,0.285169575
1.8,0.8,75,2.0,0.5,0.389272181
0.0,1.0,75,2.0,0.5,6.98613266e-09
0.2,1.0,75,2.0,0.5,6.98613266e-09
0.4,1.0,75,2.0,0.5,6.98613266e-09
0.6,1.0,75,2.0,0.5,6.98613266e-09
0.8,1.0,75,2.0,0.5,0.0071405982
1.0,1.0,75,2.0,0.5,0.039521497100000004
1.2,1.0,75,2.0,0.5,0.0980305107
1.4,1.0,75,2.0,0.5,0.18266763900000002
1.6,1.0,75,2.0,0.5,0.293432882
1.8,1.0,75,2.0,0.5,0.42318564799999997
0.0,1.2,75,2.0,0.5,7.18613266e-09
0.2,1.2,75,2.0,0.5,7.18613266e-09
0.4,1.2,75,2.0,0.5,7.18613266e-09
0.6,1.2,75,2.0,0.5,7.18613266e-09
0.8,1.2,75,2.0,0.5,0.00716860072
1.0,1.2,75,2.0,0.5,0.0396764836
1.2,1.2,75,2.0,0.5,0.0984149442
1.4,1.2,75,2.0,0.5,0.183383983
1.6,1.2,75,2.0,0.5,0.294583599
1.8,1.2,75,2.0,0.5,0.432013793
0.0,1.4,75,2.0,0.5,7.38613266e-09
0.2,1.4,75,2.0,0.5,7.38613266e-09
0.4,1.4,75,2.0,0.5,7.38613266e-09
0.6,1.4,75,2.0,0.5,7.38613266e-09
0.8,1.4,75,2.0,0.5,0.00719660323
1.0,1.4,75,2.0,0.5,0.03983147
1.2,1.4,75,2.0,0.5,0.0987993778
1.4,1.4,75,2.0,0.5,0.184100327
1.6,1.4,75,2.0,0.5,0.295734316
1.8,1.4,75,2.0,0.5,0.433701347
0.0,1.6,75,2.0,0.5,7.58613266e-09
0.2,1.6,75,2.0,0.5,7.58613266e-09
0.4,1.6,75,2.0,0.5,7.58613266e-09
0.6,1.6,75,2.0,0.5,7.58613266e-09
0.8,1.6,75,2.0,0.5,0.00722460575
1.0,1.6,75,2.0,0.5,0.039986456499999996
1.2,1.6,75,2.0,0.5,0.09918381130000001
1.4,1.6,75,2.0,0.5,0.18481667000000002
1.6,1.6,75,2.0,0.5,0.296885034
1.8,1.6,75,2.0,0.5,0.435388901
0.0,1.8,75,2.0,0.5,7.78613266e-09
0.2,1.8,75,2.0,0.5,7.78613266e-09
0.4,1.8,75,2.0,0.5,7.78613266e-09
0.6,1.8,75,2.0,0.5,7.78613266e-09
0.8,1.8,75,2.0,0.5,0.0072526082700000005
1.0,1.8,75,2.0,0.5,0.0401414429
1.2,1.8,75,2.0,0.5,0.09956824489999999
1.4,1.8,75,2.0,0.5,0.18553301400000002
1.6,1.8,75,2.0,0.5,0.298035751
1.8,1.8,75,2.0,0.5,0.43707645500000003
0.0,0.0,75,2.0,1.0,-0.0
0.2,0.0,75,2.0,1.0,-0.0
0.4,0.0,75,2.0,1.0,-0.0
0.6,0.0,75,2.0,1.0,-0.0
0.8,0.0,75,2.0,1.0,-0.0
1.0,0.0,75,2.0,1.0,-0.0
1.2,0.0,75,2.0,1.0,-0.0
1.4,0.0,75,2.0,1.0,-0.0
1.6,0.0,75,2.0,1.0,-0.0
1.8,0.0,75,2.0,1.0,-0.0
0.0,0.2,75,2.0,1.0,6.18613266e-09
0.2,0.2,75,2.0,1.0,6.18613266e-09
0.4,0.2,75,2.0,1.0,6.18613266e-09
0.6,0.2,75,2.0,1.0,6.18613266e-09
0.8,0.2,75,2.0,1.0,0.00351429716
1.0,0.2,75,2.0,1.0,0.0159364878
1.2,0.2,75,2.0,1.0,0.0287956187
1.4,0.2,75,2.0,1.0,0.0416547497
1.6,0.2,75,2.0,1.0,0.0545138806
1.8,0.2,75,2.0,1.0,0.0673730115
0.0,0.4,75,2.0,1.0,6.38613266e-09
0.2,0.4,75,2.0,1.0,6.38613266e-09
0.4,0.4,75,2.0,1.0,6.38613266e-09
0.6,0.4,75,2.0,1.0,6.38613266e-09
0.8,0.4,75,2.0,1.0,0.00352829851
1.0,0.4,75,2.0,1.0,0.0195282721
1.2,0.4,75,2.0,1.0,0.0449103161
1.4,0.4,75,2.0,1.0,0.0707310411
1.6,0.4,75,2.0,1.0,0.09655176609999999
1.8,0.4,75,2.0,1.0,0.122372491
0.0,0.6,75,2.0,1.0,6.58613266e-09
0.2,0.6,75,2.0,1.0,6.58613266e-09
0.4,0.6,75,2.0,1.0,6.58613266e-09
0.6,0.6,75,2.0,1.0,6.58613266e-09
0.8,0.6,75,2.0,1.0,0.00354229987
1.0,0.6,75,2.0,1.0,0.0196057654
1.2,0.6,75,2.0,1.0,0.048630825100000004
1.4,0.6,75,2.0,1.0,0.0870751856
1.6,0.6,75,2.0,1.0,0.125959968
1.8,0.6,75,2.0,1.0,0.16484474999999998
0.0,0.8,75,2.0,1.0,6.78613266e-09
0.2,0.8,75,2.0,1.0,6.78613266e-09
0.4,0.8,75,2.0,1.0,6.78613266e-09
0.6,0.8,75,2.0,1.0,6.78613266e-09
0.8,0.8,75,2.0,1.0,0.0035563012300000004
1.0,0.8,75,2.0,1.0,0.0196832587
1.2,0.8,75,2.0,1.0,0.048823042
1.4,0.8,75,2.0,1.0,0.0909756509
1.6,0.8,75,2.0,1.0,0.142584791
1.8,0.8,75,2.0,1.0,0.19463609399999998
0.0,1.0,75,2.0,1.0,6.98613266e-09
0.2,1.0,75,2.0,1.0,6.98613266e-09
0.4,1.0,75,2.0,1.0,6.98613266e-09
0.6,1.0,75,2.0,1.0,6.98613266e-09
0.8,1.0,75,2.0,1.0,0.00357030259
1.0,1.0,75,2.0,1.0,0.0197607521
1.2,1.0,75,2.0,1.0,0.0490152588
1.4,1.0,75,2.0,1.0,0.0913338229
1.6,1.0,75,2.0,1.0,0.146716444
1.8,1.0,75,2.0,1.0,0.211592827
0.0,1.2,75,2.0,1.0,7.18613266e-09
0.2,1.2,75,2.0,1.0,7.18613266e-09
0.4,1.2,75,2.0,1.0,7.18613266e-09
0.6,1.2,75,2.0,1.0,7.18613266e-09
0.8,1.2,75,2.0,1.0,0.0035843039499999997
1.0,1.2,75,2.0,1.0,0.0198382454
1.2,1.2,75,2.0,1.0,0.049207475699999996
1.4,1.2,75,2.0,1.0,0.0916919949
1.6,1.2,75,2.0,1.0,0.14729180300000003
1.8,1.2,75,2.0,1.0,0.21600689999999997
0.0,1.4,75,2.0,1.0,7.38613266e-09
0.2,1.4,75,2.0,1.0,7.38613266e-09
0.4,1.4,75,2.0,1.0,7.38613266e-09
0.6,1.4,75,2.0,1.0,7.38613266e-09
0.8,1.4,75,2.0,1.0,0.00359830531
1.0,1.4,75,2.0,1.0,0.0199157387
1.2,1.4,75,2.0,1.0,0.0493996926
1.4,1.4,75,2.0,1.0,0.092050167
1.6,1.4,75,2.0,1.0,0.147867162
1.8,1.4,75,2.0,1.0,0.216850677
0.0,1.6,75,2.0,1.0,7.58613266e-09
0.2,1.6,75,2.0,1.0,7.58613266e-09
0.4,1.6,75,2.0,1.0,7.58613266e-09
0.6,1.6,75,2.0,1.0,7.58613266e-09
0.8,1.6,75,2.0,1.0,0.00361230667
1.0,1.6,75,2.0,1.0,0.019993232
1.2,1.6,75,2.0,1.0,0.049591909499999996
1.4,1.6,75,2.0,1.0,0.092408339
1.6,1.6,75,2.0,1.0,0.148442521
1.8,1.6,75,2.0,1.0,0.21769445399999998
0.0,1.8,75,2.0,1.0,7.78613266e-09
0.2,1.8,75,2.0,1.0,7.78613266e-09
0.4,1.8,75,2.0,1.0,7.78613266e-09
0.6,1.8,75,2.0,1.0,7.78613266e-09
0.8,1.8,75,2.0,1.0,0.00362630803
1.0,1.8,75,2.0,1.0,0.0200707253
1.2,1.8,75,2.0,1.0,0.0497841263
1.4,1.8,75,2.0,1.0,0.09276651100000001
1.6,1.8,75,2.0,1.0,0.149017879
1.8,1.8,75,2.0,1.0,0.218538231
0.0,0.0,75,5.0,0.18,-0.0
0.2,0.0,75,5.0,0.18,-0.0
0.4,0.0,75,5.0,0.18,-0.0
0.6,0.0,75,5.0,0.18,-0.0
0.8,0.0,75,5.0,0.18,-0.0
1.0,0.0,75,5.0,0.18,-0.0
1.2,0.0,75,5.0,0.18,-0.0
1.4,0.0,75,5.0,0.18,-0.0
1.6,0.0,75,5.0,0.18,-0.0
1.8,0.0,75,5.0,0.18,-0.0
0.0,0.2,75,5.0,0.18,6.18613266e-09
0.2,0.2,75,5.0,0.18,6.18613266e-09
0.4,0.2,75,5.0,0.18,6.18613266e-09
0.6,0.2,75,5.0,0.18,6.18613266e-09
0.8,0.2,75,5.0,0.18,0.048809603
1.0,0.2,75,5.0,0.18,0.22134002900000002
1.2,0.2,75,5.0,0.18,0.399939069
1.4,0.2,75,5.0,0.18,0.57853811
1.6,0.2,75,5.0,0.18,0.75713715
1.8,0.2,75,5.0,0.18,0.935736191
0.0,0.4,75,5.0,0.18,6.38613266e-09
0.2,0.4,75,5.0,0.18,6.38613266e-09
0.4,0.4,75,5.0,0.18,6.38613266e-09
0.6,0.4,75,5.0,0.18,6.38613266e-09
0.8,0.4,75,5.0,0.18,0.0490040637
1.0,0.4,75,5.0,0.18,0.271225919
1.2,0.4,75,5.0,0.18,0.623754308
1.4,0.4,75,5.0,0.18,0.9823754889999999
1.6,0.4,75,5.0,0.18,1.34099667
1.8,0.4,75,5.0,0.18,1.6996178499999999
0.0,0.6,75,5.0,0.18,6.58613266e-09
0.2,0.6,75,5.0,0.18,6.58613266e-09
0.4,0.6,75,5.0,0.18,6.58613266e-09
0.6,0.6,75,5.0,0.18,6.58613266e-09
0.8,0.6,75,5.0,0.18,0.0491985245
1.0,0.6,75,5.0,0.18,0.272302213
1.2,0.6,75,5.0,0.18,0.675428041
1.4,0.6,75,5.0,0.18,1.20937749
1.6,0.6,75,5.0,0.18,1.74944391
1.8,0.6,75,5.0,0.18,2.2895103299999997
0.0,0.8,75,5.0,0.18,6.78613266e-09
0.2,0.8,75,5.0,0.18,6.78613266e-09
0.4,0.8,75,5.0,0.18,6.78613266e-09
0.6,0.8,75,5.0,0.18,6.78613266e-09
0.8,0.8,75,5.0,0.18,0.0493929852
1.0,0.8,75,5.0,0.18,0.273378506
1.2,0.8,75,5.0,0.18,0.678097718
1.4,0.8,75,5.0,0.18,1.26355062
1.6,0.8,75,5.0,0.18,1.98034423
1.8,0.8,75,5.0,0.18,2.70327899
0.0,1.0,75,5.0,0.18,6.98613266e-09
0.2,1.0,75,5.0,0.18,6.98613266e-09
0.4,1.0,75,5.0,0.18,6.98613266e-09
0.6,1.0,75,5.0,0.18,6.98613266e-09
0.8,1.0,75,5.0,0.18,0.049587446
1.0,1.0,75,5.0,0.18,0.2744548
1.2,1.0,75,5.0,0.18,0.6807673940000001
1.4,1.0,75,5.0,0.18,1.2685252299999998
1.6,1.0,75,5.0,0.18,2.0377283
1.8,1.0,75,5.0,0.18,2.93878918
0.0,1.2,75,5.0,0.18,7.18613266e-09
0.2,1.2,75,5.0,0.18,7.18613266e-09
0.4,1.2,75,5.0,0.18,7.18613266e-09
0.6,1.2,75,5.0,0.18,7.18613266e-09
0.8,1.2,75,5.0,0.18,0.0497819067
1.0,1.2,75,5.0,0.18,0.275531093
1.2,1.2,75,5.0,0.18,0.68343707
1.4,1.2,75,5.0,0.18,1.2734998400000002
1.6,1.2,75,5.0,0.18,2.04571939
1.8,1.2,75,5.0,0.18,3.00009574
0.0,1.4,75,5.0,0.18,7.38613266e-09
0.2,1.4,75,5.0,0.18,7.38613266e-09
0.4,1.4,75,5.0,0.18,7.38613266e-09
0.6,1.4,75,5.0,0.18,7.38613266e-09
0.8,1.4,75,5.0,0.18,0.0499763674
1.0,1.4,75,5.0,0.18,0.276607387
1.2,1.4,75,5.0,0.18,0.686106746
1.4,1.4,75,5.0,0.18,1.27847445
1.6,1.4,75,5.0,0.18,2.05371049
1.8,1.4,75,5.0,0.18,3.01181487
0.0,1.6,75,5.0,0.18,7.58613266e-09
0.2,1.6,75,5.0,0.18,7.58613266e-09
0.4,1.6,75,5.0,0.18,7.58613266e-09
0.6,1.6,75,5.0,0.18,7.58613266e-09
0.8,1.6,75,5.0,0.18,0.050170828199999996
1.0,1.6,75,5.0,0.18,0.27768368000000004
1.2,1.6,75,5.0,0.18,0.6887764230000001
1.4,1.6,75,5.0,0.18,1.2834490600000001
1.6,1.6,75,5.0,0.18,2.06170158
1.8,1.6,75,5.0,0.18,3.0235339900000002
0.0,1.8,75,5.0,0.18,7.78613266e-09
0.2,1.8,75,5.0,0.18,7.78613266e-09
0.4,1.8,75,5.0,0.18,7.78613266e-09
0.6,1.8,75,5.0,0.18,7.78613266e-09
0.8,1.8,75,5.0,0.18,0.0503652889
1.0,1.8,75,5.0,0.18,0.278759974
1.2,1.8,75,5.0,0.18,0.691446099
1.4,1.8,75,5.0,0.18,1.28842366
1.6,1.8,75,5.0,0.18,2.0696926700000002
1.8,1.8,75,5.0,0.18,3.0352531099999998
0.0,0.0,75,5.0,0.5,-0.0
0.2,0.0,75,5.0,0.5,-0.0
0.4,0.0,75,5.0,0.5,-0.0
0.6,0.0,75,5.0,0.5,-0.0
0.8,0.0,75,5.0,0.5,-0.0
1.0,0.0,75,5.0,0.5,-0.0
1.2,0.0,75,5.0,0.5,-0.0
1.4,0.0,75,5.0,0.5,-0.0
1.6,0.0,75,5.0,0.5,-0.0
1.8,0.0,75,5.0,0.5,-0.0
0.0,0.2,75,5.0,0.5,6.18613266e-09
0.2,0.2,75,5.0,0.5,6.18613266e-09
0.4,0.2,75,5.0,0.5,6.18613266e-09
0.6,0.2,75,5.0,0.5,6.18613266e-09
0.8,0.2,75,5.0,0.5,0.017571461
1.0,0.2,75,5.0,0.5,0.07968241440000001
1.2,0.2,75,5.0,0.5,0.14397806900000001
1.4,0.2,75,5.0,0.5,0.20827372400000002
1.6,0.2,75,5.0,0.5,0.27256937800000003
1.8,0.2,75,5.0,0.5,0.33686503300000004
0.0,0.4,75,5.0,0.5,6.38613266e-09
0.2,0.4,75,5.0,0.5,6.38613266e-09
0.4,0.4,75,5.0,0.5,6.38613266e-09
0.6,0.4,75,5.0,0.5,6.38613266e-09
0.8,0.4,75,5.0,0.5,0.017641467
1.0,0.4,75,5.0,0.5,0.097641335
1.2,0.4,75,5.0,0.5,0.224551555
1.4,0.4,75,5.0,0.5,0.35365518
1.6,0.4,75,5.0,0.5,0.482758805
1.8,0.4,75,5.0,0.5,0.6118624300000001
0.0,0.6,75,5.0,0.5,6.58613266e-09
0.2,0.6,75,5.0,0.5,6.58613266e-09
0.4,0.6,75,5.0,0.5,6.58613266e-09
0.6,0.6,75,5.0,0.5,6.58613266e-09
0.8,0.6,75,5.0,0.5,0.017711473000000002
1.0,0.6,75,5.0,0.5,0.09802880080000001
1.2,0.6,75,5.0,0.5,0.24315409899999998
1.4,0.6,75,5.0,0.5,0.43537590200000004
1.6,0.6,75,5.0,0.5,0.629799813
1.8,0.6,75,5.0,0.5,0.8242237250000001
0.0,0.8,75,5.0,0.5,6.78613266e-09
0.2,0.8,75,5.0,0.5,6.78613266e-09
0.4,0.8,75,5.0,0.5,6.78613266e-09
0.6,0.8,75,5.0,0.5,6.78613266e-09
0.8,0.8,75,5.0,0.5,0.017781479000000003
1.0,0.8,75,5.0,0.5,0.0984162666
1.2,0.8,75,5.0,0.5,0.24411518299999999
1.4,0.8,75,5.0,0.5,0.45487822699999997
1.6,0.8,75,5.0,0.5,0.712923928
1.8,0.8,75,5.0,0.5,0.973180442
0.0,1.0,75,5.0,0.5,6.98613266e-09
0.2,1.0,75,5.0,0.5,6.98613266e-09
0.4,1.0,75,5.0,0.5,6.98613266e-09
0.6,1.0,75,5.0,0.5,6.98613266e-09
0.8,1.0,75,5.0,0.5,0.017851485
1.0,1.0,75,5.0,0.5,0.09880373240000001
1.2,1.0,75,5.0,0.5,0.24507626600000001
1.4,1.0,75,5.0,0.5,0.45666908700000003
1.6,1.0,75,5.0,0.5,0.733582194
1.8,1.0,75,5.0,0.5,1.05796411
0.0,1.2,75,5.0,0.5,7.18613266e-09
0.2,1.2,75,5.0,0.5,7.18613266e-09
0.4,1.2,75,5.0,0.5,7.18613266e-09
0.6,1.2,75,5.0,0.5,7.18613266e-09
0.8,1.2,75,5.0,0.5,0.017921491
1.0,1.2,75,5.0,0.5,0.0991911982
1.2,1.2,75,5.0,0.5,0.24603735000000002
1.4,1.2,75,5.0,0.5,0.458459946
1.6,1.2,75,5.0,0.5,0.736458987
1.8,1.2,75,5.0,0.5,1.08003447
0.0,1.4,75,5.0,0.5,7.38613266e-09
0.2,1.4,75,5.0,0.5,7.38613266e-09
0.4,1.4,75,5.0,0.5,7.38613266e-09
0.6,1.4,75,5.0,0.5,7.38613266e-09
0.8,1.4,75,5.0,0.5,0.017991497000000002
1.0,1.4,75,5.0,0.5,0.099578664
1.2,1.4,75,5.0,0.5,0.24699843300000002
1.4,1.4,75,5.0,0.5,0.460250805
1.6,1.4,75,5.0,0.5,0.73933578
1.8,1.4,75,5.0,0.5,1.08425336
0.0,1.6,75,5.0,0.5,7.58613266e-09
0.2,1.6,75,5.0,0.5,7.58613266e-09
0.4,1.6,75,5.0,0.5,7.58613266e-09
0.6,1.6,75,5.0,0.5,7.58613266e-09
0.8,1.6,75,5.0,0.5,0.018061503000000003
1.0,1.6,75,5.0,0.5,0.0999661298
1.2,1.6,75,5.0,0.5,0.24795951700000002
1.4,1.6,75,5.0,0.5,0.462041665
1.6,1.6,75,5.0,0.5,0.742212573
1.8,1.6,75,5.0,0.5,1.08847224
0.0,1.8,75,5.0,0.5,7.78613266e-09
0.2,1.8,75,5.0,0.5,7.78613266e-09
0.4,1.8,75,5.0,0.5,7.78613266e-09
0.6,1.8,75,5.0,0.5,7.78613266e-09
0.8,1.8,75,5.0,0.5,0.018131508999999997
1.0,1.8,75,5.0,0.5,0.100353596
1.2,1.8,75,5.0,0.5,0.24892060100000002
1.4,1.8,75,5.0,0.5,0.46383252399999997
1.6,1.8,75,5.0,0.5,0.7450893660000001
1.8,1.8,75,5.0,0.5,1.09269113
0.0,0.0,75,5.0,1.0,-0.0
0.2,0.0,75,5.0,1.0,-0.0
0.4,0.0,75,5.0,1.0,-0.0
0.6,0.0,75,5.0,1.0,-0.0
0.8,0.0,75,5.0,1.0,-0.0
1.0,0.0,75,5.0,1.0,-0.0
1.2,0.0,75,5.0,1.0,-0.0
1.4,0.0,75,5.0,1.0,-0.0
1.6,0.0,75,5.0,1.0,-0.0
1.8,0.0,75,5.0,1.0,-0.0
0.0,0.2,75,5.0,1.0,6.18613266e-09
0.2,0.2,75,5.0,1.0,6.18613266e-09
0.4,0.2,75,5.0,1.0,6.18613266e-09
0.6,0.2,75,5.0,1.0,6.18613266e-09
0.8,0.2,75,5.0,1.0,0.008785733609999999
1.0,0.2,75,5.0,1.0,0.039841210300000006
1.2,0.2,75,5.0,1.0,0.0719890376
1.4,0.2,75,5.0,1.0,0.10413686500000001
1.6,0.2,75,5.0,1.0,0.13628469199999999
1.8,0.2,75,5.0,1.0,0.168432519
0.0,0.4,75,5.0,1.0,6.38613266e-09
0.2,0.4,75,5.0,1.0,6.38613266e-09
0.4,0.4,75,5.0,1.0,6.38613266e-09
0.6,0.4,75,5.0,1.0,6.38613266e-09
0.8,0.4,75,5.0,1.0,0.008820736709999999
1.0,0.4,75,5.0,1.0,0.0488206707
1.2,0.4,75,5.0,1.0,0.112275781
1.4,0.4,75,5.0,1.0,0.176827593
1.6,0.4,75,5.0,1.0,0.24137940600000002
1.8,0.4,75,5.0,1.0,0.305931218
0.0,0.6,75,5.0,1.0,6.58613266e-09
0.2,0.6,75,5.0,1.0,6.58613266e-09
0.4,0.6,75,5.0,1.0,6.58613266e-09
0.6,0.6,75,5.0,1.0,6.58613266e-09
0.8,0.6,75,5.0,1.0,0.0088557398
1.0,0.6,75,5.0,1.0,0.0490144037
1.2,0.6,75,5.0,1.0,0.12157705299999999
1.4,0.6,75,5.0,1.0,0.217687954
1.6,0.6,75,5.0,1.0,0.31489991
1.8,0.6,75,5.0,1.0,0.412111866
0.0,0.8,75,5.0,1.0,6.78613266e-09
0.2,0.8,75,5.0,1.0,6.78613266e-09
0.4,0.8,75,5.0,1.0,6.78613266e-09
0.6,0.8,75,5.0,1.0,6.78613266e-09
0.8,0.8,75,5.0,1.0,0.0088907429
1.0,0.8,75,5.0,1.0,0.0492081367
1.2,0.8,75,5.0,1.0,0.12205759499999999
1.4,0.8,75,5.0,1.0,0.227439117
1.6,0.8,75,5.0,1.0,0.356461968
1.8,0.8,75,5.0,1.0,0.486590225
0.0,1.0,75,5.0,1.0,6.98613266e-09
0.2,1.0,75,5.0,1.0,6.98613266e-09
0.4,1.0,75,5.0,1.0,6.98613266e-09
0.6,1.0,75,5.0,1.0,6.98613266e-09
0.8,1.0,75,5.0,1.0,0.008925746
1.0,1.0,75,5.0,1.0,0.0494018697
1.2,1.0,75,5.0,1.0,0.12253813699999999
1.4,1.0,75,5.0,1.0,0.228334547
1.6,1.0,75,5.0,1.0,0.36679110000000004
1.8,1.0,75,5.0,1.0,0.528982058
0.0,1.2,75,5.0,1.0,7.18613266e-09
0.2,1.2,75,5.0,1.0,7.18613266e-09
0.4,1.2,75,5.0,1.0,7.18613266e-09
0.6,1.2,75,5.0,1.0,7.18613266e-09
0.8,1.2,75,5.0,1.0,0.0089607491
1.0,1.2,75,5.0,1.0,0.0495956027
1.2,1.2,75,5.0,1.0,0.12301867899999999
1.4,1.2,75,5.0,1.0,0.229229977
1.6,1.2,75,5.0,1.0,0.368229497
1.8,1.2,75,5.0,1.0,0.54001724
0.0,1.4,75,5.0,1.0,7.38613266e-09
0.2,1.4,75,5.0,1.0,7.38613266e-09
0.4,1.4,75,5.0,1.0,7.38613266e-09
0.6,1.4,75,5.0,1.0,7.38613266e-09
0.8,1.4,75,5.0,1.0,0.0089957522
1.0,1.4,75,5.0,1.0,0.0497893357
1.2,1.4,75,5.0,1.0,0.12349921999999999
1.4,1.4,75,5.0,1.0,0.230125406
1.6,1.4,75,5.0,1.0,0.369667894
1.8,1.4,75,5.0,1.0,0.5421266819999999
0.0,1.6,75,5.0,1.0,7.58613266e-09
0.2,1.6,75,5.0,1.0,7.58613266e-09
0.4,1.6,75,5.0,1.0,7.58613266e-09
0.6,1.6,75,5.0,1.0,7.58613266e-09
0.8,1.6,75,5.0,1.0,0.0090307553
1.0,1.6,75,5.0,1.0,0.0499830687
1.2,1.6,75,5.0,1.0,0.123979762
1.4,1.6,75,5.0,1.0,0.23102083599999998
1.6,1.6,75,5.0,1.0,0.37110629
1.8,1.6,75,5.0,1.0,0.544236125
0.0,1.8,75,5.0,1.0,7.78613266e-09
0.2,1.8,75,5.0,1.0,7.78613266e-09
0.4,1.8,75,5.0,1.0,7.78613266e-09
0.6,1.8,75,5.0,1.0,7.78613266e-09
0.8,1.8,75,5.0,1.0,0.009065758390000001
1.0,1.8,75,5.0,1.0,0.0501768017
1.2,1.8,75,5.0,1.0,0.124460304
1.4,1.8,75,5.0,1.0,0.231916266
1.6,1.8,75,5.0,1.0,0.372544687
1.8,1.8,75,5.0,1.0,0.5463455669999999
0.0,0.0,75,10.0,0.18,-0.0
0.2,0.0,75,10.0,0.18,-0.0
0.4,0.0,75,10.0,0.18,-0.0
0.6,0.0,75,10.0,0.18,-0.0
0.8,0.0,75,10.0,0.18,-0.0
1.0,0.0,75,10.0,0.18,-0.0
1.2,0.0,75,10.0,0.18,-0.0
1.4,0.0,75,10.0,0.18,-0.0
1.6,0.0,75,10.0,0.18,-0.0
1.8,0.0,75,10.0,0.18,-0.0
0.0,0.2,75,10.0,0.18,6.18613266e-09
0.2,0.2,75,10.0,0.18,6.18613266e-09
0.4,0.2,75,10.0,0.18,6.18613266e-09
0.6,0.2,75,10.0,0.18,6.18613266e-09
0.8,0.2,75,10.0,0.18,0.0976191998
1.0,0.2,75,10.0,0.18,0.442680052
1.2,0.2,75,10.0,0.18,0.799878133
1.4,0.2,75,10.0,0.18,1.15707621
1.6,0.2,75,10.0,0.18,1.5142742900000001
1.8,0.2,75,10.0,0.18,1.87147238
0.0,0.4,75,10.0,0.18,6.38613266e-09
0.2,0.4,75,10.0,0.18,6.38613266e-09
0.4,0.4,75,10.0,0.18,6.38613266e-09
0.6,0.4,75,10.0,0.18,6.38613266e-09
0.8,0.4,75,10.0,0.18,0.0980081211
1.0,0.4,75,10.0,0.18,0.542451832
1.2,0.4,75,10.0,0.18,1.24750861
1.4,0.4,75,10.0,0.18,1.9647509699999999
1.6,0.4,75,10.0,0.18,2.68199333
1.8,0.4,75,10.0,0.18,3.39923569
0.0,0.6,75,10.0,0.18,6.58613266e-09
0.2,0.6,75,10.0,0.18,6.58613266e-09
0.4,0.6,75,10.0,0.18,6.58613266e-09
0.6,0.6,75,10.0,0.18,6.58613266e-09
0.8,0.6,75,10.0,0.18,0.0983970423
1.0,0.6,75,10.0,0.18,0.544604419
1.2,0.6,75,10.0,0.18,1.35085608
1.4,0.6,75,10.0,0.18,2.41875498
1.6,0.6,75,10.0,0.18,3.49888782
1.8,0.6,75,10.0,0.18,4.579020659999999
0.0,0.8,75,10.0,0.18,6.78613266e-09
0.2,0.8,75,10.0,0.18,6.78613266e-09
0.4,0.8,75,10.0,0.18,6.78613266e-09
0.6,0.8,75,10.0,0.18,6.78613266e-09
0.8,0.8,75,10.0,0.18,0.0987859636
1.0,0.8,75,10.0,0.18,0.546757006
1.2,0.8,75,10.0,0.18,1.3561954299999999
1.4,0.8,75,10.0,0.18,2.52710123
1.6,0.8,75,10.0,0.18,3.96068846
1.8,0.8,75,10.0,0.18,5.40655798
0.0,1.0,75,10.0,0.18,6.98613266e-09
0.2,1.0,75,10.0,0.18,6.98613266e-09
0.4,1.0,75,10.0,0.18,6.98613266e-09
0.6,1.0,75,10.0,0.18,6.98613266e-09
0.8,1.0,75,10.0,0.18,0.09917488490000001
1.0,1.0,75,10.0,0.18,0.548909593
1.2,1.0,75,10.0,0.18,1.3615347800000002
1.4,1.0,75,10.0,0.18,2.5370504499999997
1.6,1.0,75,10.0,0.18,4.0754566
1.8,1.0,75,10.0,0.18,5.87757835
0.0,1.2,75,10.0,0.18,7.18613266e-09
0.2,1.2,75,10.0,0.18,7.18613266e-09
0.4,1.2,75,10.0,0.18,7.18613266e-09
0.6,1.2,75,10.0,0.18,7.18613266e-09
0.8,1.2,75,10.0,0.18,0.0995638062
1.0,1.2,75,10.0,0.18,0.551062179
1.2,1.2,75,10.0,0.18,1.36687413
1.4,1.2,75,10.0,0.18,2.54699967
1.6,1.2,75,10.0,0.18,4.09143878
1.8,1.2,75,10.0,0.18,6.00019148
0.0,1.4,75,10.0,0.18,7.38613266e-09
0.2,1.4,75,10.0,0.18,7.38613266e-09
0.4,1.4,75,10.0,0.18,7.38613266e-09
0.6,1.4,75,10.0,0.18,7.38613266e-09
0.8,1.4,75,10.0,0.18,0.0999527275
1.0,1.4,75,10.0,0.18,0.553214766
1.2,1.4,75,10.0,0.18,1.37221349
1.4,1.4,75,10.0,0.18,2.5569488799999998
1.6,1.4,75,10.0,0.18,4.10742096
1.8,1.4,75,10.0,0.18,6.02362973
0.0,1.6,75,10.0,0.18,7.58613266e-09
0.2,1.6,75,10.0,0.18,7.58613266e-09
0.4,1.6,75,10.0,0.18,7.58613266e-09
0.6,1.6,75,10.0,0.18,7.58613266e-09
0.8,1.6,75,10.0,0.18,0.100341649
1.0,1.6,75,10.0,0.18,0.555367353
1.2,1.6,75,10.0,0.18,1.3775528400000001
1.4,1.6,75,10.0,0.18,2.5668981
1.6,1.6,75,10.0,0.18,4.12340315
1.8,1.6,75,10.0,0.18,6.0470679700000005
0.0,1.8,75,10.0,0.18,7.78613266e-09
0.2,1.8,75,10.0,0.18,7.78613266e-09
0.4,1.8,75,10.0,0.18,7.78613266e-09
0.6,1.8,75,10.0,0.18,7.78613266e-09
0.8,1.8,75,10.0,0.18,0.10073057
1.0,1.8,75,10.0,0.18,0.5575199399999999
1.2,1.8,75,10.0,0.18,1.38289219
1.4,1.8,75,10.0,0.18,2.57684732
1.6,1.8,75,10.0,0.18,4.1393853300000005
1.8,1.8,75,10.0,0.18,6.0705062199999995
0.0,0.0,75,10.0,0.5,-0.0
0.2,0.0,75,10.0,0.5,-0.0
0.4,0.0,75,10.0,0.5,-0.0
0.6,0.0,75,10.0,0.5,-0.0
0.8,0.0,75,10.0,0.5,-0.0
1.0,0.0,75,10.0,0.5,-0.0
1.2,0.0,75,10.0,0.5,-0.0
1.4,0.0,75,10.0,0.5,-0.0
1.6,0.0,75,10.0,0.5,-0.0
1.8,0.0,75,10.0,0.5,-0.0
0.0,0.2,75,10.0,0.5,6.18613266e-09
0.2,0.2,75,10.0,0.5,6.18613266e-09
0.4,0.2,75,10.0,0.5,6.18613266e-09
0.6,0.2,75,10.0,0.5,6.18613266e-09
0.8,0.2,75,10.0,0.5,0.035142915899999995
1.0,0.2,75,10.0,0.5,0.159364823
1.2,0.2,75,10.0,0.5,0.287956132
1.4,0.2,75,10.0,0.5,0.416547441
1.6,0.2,75,10.0,0.5,0.54513875
1.8,0.2,75,10.0,0.5,0.6737300589999999
0.0,0.4,75,10.0,0.5,6.38613266e-09
0.2,0.4,75,10.0,0.5,6.38613266e-09
0.4,0.4,75,10.0,0.5,6.38613266e-09
0.6,0.4,75,10.0,0.5,6.38613266e-09
0.8,0.4,75,10.0,0.5,0.0352829277
1.0,0.4,75,10.0,0.5,0.195282664
1.2,0.4,75,10.0,0.5,0.449103103
1.4,0.4,75,10.0,0.5,0.7073103540000001
1.6,0.4,75,10.0,0.5,0.965517604
1.8,0.4,75,10.0,0.5,1.22372485
0.0,0.6,75,10.0,0.5,6.58613266e-09
0.2,0.6,75,10.0,0.5,6.58613266e-09
0.4,0.6,75,10.0,0.5,6.58613266e-09
0.6,0.6,75,10.0,0.5,6.58613266e-09
0.8,0.6,75,10.0,0.5,0.0354229395
1.0,0.6,75,10.0,0.5,0.196057595
1.2,0.6,75,10.0,0.5,0.48630819200000003
1.4,0.6,75,10.0,0.5,0.8707517969999999
1.6,0.6,75,10.0,0.5,1.2595996200000001
1.8,0.6,75,10.0,0.5,1.64844744
0.0,0.8,75,10.0,0.5,6.78613266e-09
0.2,0.8,75,10.0,0.5,6.78613266e-09
0.4,0.8,75,10.0,0.5,6.78613266e-09
0.6,0.8,75,10.0,0.5,6.78613266e-09
0.8,0.8,75,10.0,0.5,0.0355629513
1.0,0.8,75,10.0,0.5,0.19683252599999998
1.2,0.8,75,10.0,0.5,0.488230359
1.4,0.8,75,10.0,0.5,0.909756448
1.6,0.8,75,10.0,0.5,1.4258478499999998
1.8,0.8,75,10.0,0.5,1.94636088
0.0,1.0,75,10.0,0.5,6.98613266e-09
0.2,1.0,75,10.0,0.5,6.98613266e-09
0.4,1.0,75,10.0,0.5,6.98613266e-09
0.6,1.0,75,10.0,0.5,6.98613266e-09
0.8,1.0,75,10.0,0.5,0.035702963
1.0,1.0,75,10.0,0.5,0.19760745799999999
1.2,1.0,75,10.0,0.5,0.490152526
1.4,1.0,75,10.0,0.5,0.913338166
1.6,1.0,75,10.0,0.5,1.46716438
1.8,1.0,75,10.0,0.5,2.11592821
0.0,1.2,75,10.0,0.5,7.18613266e-09
0.2,1.2,75,10.0,0.5,7.18613266e-09
0.4,1.2,75,10.0,0.5,7.18613266e-09
0.6,1.2,75,10.0,0.5,7.18613266e-09
0.8,1.2,75,10.0,0.5,0.035842974799999996
1.0,1.2,75,10.0,0.5,0.198382389
1.2,1.2,75,10.0,0.5,0.4920746919999999
1.4,1.2,75,10.0,0.5,0.916919885
1.6,1.2,75,10.0,0.5,1.4729179700000001
1.8,1.2,75,10.0,0.5,2.16006894
0.0,1.4,75,10.0,0.5,7.38613266e-09
0.2,1.4,75,10.0,0.5,7.38613266e-09
0.4,1.4,75,10.0,0.5,7.38613266e-09
0.6,1.4,75,10.0,0.5,7.38613266e-09
0.8,1.4,75,10.0,0.5,0.0359829866
1.0,1.4,75,10.0,0.5,0.199157321
1.2,1.4,75,10.0,0.5,0.49399685899999995
1.4,1.4,75,10.0,0.5,0.920501603
1.6,1.4,75,10.0,0.5,1.47867155
1.8,1.4,75,10.0,0.5,2.16850671
0.0,1.6,75,10.0,0.5,7.58613266e-09
0.2,1.6,75,10.0,0.5,7.58613266e-09
0.4,1.6,75,10.0,0.5,7.58613266e-09
0.6,1.6,75,10.0,0.5,7.58613266e-09
0.8,1.6,75,10.0,0.5,0.0361229984
1.0,1.6,75,10.0,0.5,0.199932252
1.2,1.6,75,10.0,0.5,0.49591902600000004
1.4,1.6,75,10.0,0.5,0.924083322
1.6,1.6,75,10.0,0.5,1.48442514
1.8,1.6,75,10.0,0.5,2.17694448
0.0,1.8,75,10.0,0.5,7.78613266e-09
0.2,1.8,75,10.0,0.5,7.78613266e-09
0.4,1.8,75,10.0,0.5,7.78613266e-09
0.6,1.8,75,10.0,0.5,7.78613266e-09
0.8,1.8,75,10.0,0.5,0.0362630102
1.0,1.8,75,10.0,0.5,0.200707183
1.2,1.8,75,10.0,0.5,0.49784119300000007
1.4,1.8,75,10.0,0.5,0.9276650399999999
1.6,1.8,75,10.0,0.5,1.4901787199999998
1.8,1.8,75,10.0,0.5,2.18538224
0.0,0.0,75,10.0,1.0,-0.0
0.2,0.0,75,10.0,1.0,-0.0
0.4,0.0,75,10.0,1.0,-0.0
0.6,0.0,75,10.0,1.0,-0.0
0.8,0.0,75,10.0,1.0,-0.0
1.0,0.0,75,10.0,1.0,-0.0
1.2,0.0,75,10.0,1.0,-0.0
1.4,0.0,75,10.0,1.0,-0.0
1.6,0.0,75,10.0,1.0,-0.0
1.8,0.0,75,10.0,1.0,-0.0
0.0,0.2,75,10.0,1.0,6.18613266e-09
0.2,0.2,75,10.0,1.0,6.18613266e-09
0.4,0.2,75,10.0,1.0,6.18613266e-09
0.6,0.2,75,10.0,1.0,6.18613266e-09
0.8,0.2,75,10.0,1.0,0.017571461
1.0,0.2,75,10.0,1.0,0.07968241440000001
1.2,0.2,75,10.0,1.0,0.14397806900000001
1.4,0.2,75,10.0,1.0,0.20827372400000002
1.6,0.2,75,10.0,1.0,0.27256937800000003
1.8,0.2,75,10.0,1.0,0.33686503300000004
0.0,0.4,75,10.0,1.0,6.38613266e-09
0.2,0.4,75,10.0,1.0,6.38613266e-09
0.4,0.4,75,10.0,1.0,6.38613266e-09
0.6,0.4,75,10.0,1.0,6.38613266e-09
0.8,0.4,75,10.0,1.0,0.017641467
1.0,0.4,75,10.0,1.0,0.097641335
1.2,0.4,75,10.0,1.0,0.224551555
1.4,0.4,75,10.0,1.0,0.35365518
1.6,0.4,75,10.0,1.0,0.482758805
1.8,0.4,75,10.0,1.0,0.6118624300000001
0.0,0.6,75,10.0,1.0,6.58613266e-09
0.2,0.6,75,10.0,1.0,6.58613266e-09
0.4,0.6,75,10.0,1.0,6.58613266e-09
0.6,0.6,75,10.0,1.0,6.58613266e-09
0.8,0.6,75,10.0,1.0,0.017711473000000002
1.0,0.6,75,10.0,1.0,0.09802880080000001
1.2,0.6,75,10.0,1.0,0.24315409899999998
1.4,0.6,75,10.0,1.0,0.43537590200000004
1.6,0.6,75,10.0,1.0,0.629799813
1.8,0.6,75,10.0,1.0,0.8242237250000001
0.0,0.8,75,10.0,1.0,6.78613266e-09
0.2,0.8,75,10.0,1.0,6.78613266e-09
0.4,0.8,75,10.0,1.0,6.78613266e-09
0.6,0.8,75,10.0,1.0,6.78613266e-09
0.8,0.8,75,10.0,1.0,0.017781479000000003
1.0,0.8,75,10.0,1.0,0.0984162666
1.2,0.8,75,10.0,1.0,0.24411518299999999
1.4,0.8,75,10.0,1.0,0.45487822699999997
1.6,0.8,75,10.0,1.0,0.712923928
1.8,0.8,75,10.0,1.0,0.973180442
0.0,1.0,75,10.0,1.0,6.98613266e-09
0.2,1.0,75,10.0,1.0,6.98613266e-09
0.4,1.0,75,10.0,1.0,6.98613266e-09
0.6,1.0,75,10.0,1.0,6.98613266e-09
0.8,1.0,75,10.0,1.0,0.017851485
1.0,1.0,75,10.0,1.0,0.09880373240000001
1.2,1.0,75,10.0,1.0,0.24507626600000001
1.4,1.0,75,10.0,1.0,0.45666908700000003
1.6,1.0,75,10.0,1.0,0.733582194
1.8,1.0,75,10.0,1.0,1.05796411
0.0,1.2,75,10.0,1.0,7.18613266e-09
0.2,1.2,75,10.0,1.0,7.18613266e-09
0.4,1.2,75,10.0,1.0,7.18613266e-09
0.6,1.2,75,10.0,1.0,7.18613266e-09
0.8,1.2,75,10.0,1.0,0.017921491
1.0,1.2,75,10.0,1.0,0.0991911982
1.2,1.2,75,10.0,1.0,0.24603735000000002
1.4,1.2,75,10.0,1.0,0.458459946
1.6,1.2,75,10.0,1.0,0.736458987
1.8,1.2,75,10.0,1.0,1.08003447
0.0,1.4,75,10.0,1.0,7.38613266e-09
0.2,1.4,75,10.0,1.0,7.38613266e-09
0.4,1.4,75,10.0,1.0,7.38613266e-09
0.6,1.4,75,10.0,1.0,7.38613266e-09
0.8,1.4,75,10.0,1.0,0.017991497000000002
1.0,1.4,75,10.0,1.0,0.099578664
1.2,1.4,75,10.0,1.0,0.24699843300000002
1.4,1.4,75,10.0,1.0,0.460250805
1.6,1.4,75,10.0,1.0,0.73933578
1.8,1.4,75,10.0,1.0,1.08425336
0.0,1.6,75,10.0,1.0,7.58613266e-09
0.2,1.6,75,10.0,1.0,7.58613266e-09
0.4,1.6,75,10.0,1.0,7.58613266e-09
0.6,1.6,75,10.0,1.0,7.58613266e-09
0.8,1.6,75,10.0,1.0,0.018061503000000003
1.0,1.6,75,10.0,1.0,0.0999661298
1.2,1.6,75,10.0,1.0,0.24795951700000002
1.4,1.6,75,10.0,1.0,0.462041665
1.6,1.6,75,10.0,1.0,0.742212573
1.8,1.6,75,10.0,1.0,1.08847224
0.0,1.8,75,10.0,1.0,7.78613266e-09
0.2,1.8,75,10.0,1.0,7.78613266e-09
0.4,1.8,75,10.0,1.0,7.78613266e-09
0.6,1.8,75,10.0,1.0,7.78613266e-09
0.8,1.8,75,10.0,1.0,0.018131508999999997
1.0,1.8,75,10.0,1.0,0.100353596
1.2,1.8,75,10.0,1.0,0.24892060100000002
1.4,1.8,75,10.0,1.0,0.46383252399999997
1.6,1.8,75,10.0,1.0,0.7450893660000001
1.8,1.8,75,10.0,1.0,1.09269113
0.0,0.0,125,2.0,0.18,-0.0
0.2,0.0,125,2.0,0.18,-0.0
0.4,0.0,125,2.0,0.18,-0.0
0.6,0.0,125,2.0,0.18,-0.0
0.8,0.0,125,2.0,0.18,-0.0
1.0,0.0,125,2.0,0.18,-0.0
1.2,0.0,125,2.0,0.18,-0.0
1.4,0.0,125,2.0,0.18,-0.0
1.6,0.0,125,2.0,0.18,-0.0
1.8,0.0,125,2.0,0.18,-0.0
0.0,0.2,125,2.0,0.18,9.448508260000001e-07
0.2,0.2,125,2.0,0.18,9.448508260000001e-07
0.4,0.2,125,2.0,0.18,9.448508260000001e-07
0.6,0.2,125,2.0,0.18,9.448508260000001e-07
0.8,0.2,125,2.0,0.18,0.0288093392
1.0,0.2,125,2.0,0.18,0.0872221958
1.2,0.2,125,2.0,0.18,0.14563642200000002
1.4,0.2,125,2.0,0.18,0.204050649
1.6,0.2,125,2.0,0.18,0.26246487599999996
1.8,0.2,125,2.0,0.18,0.320879103
0.0,0.4,125,2.0,0.18,9.45050826e-07
0.2,0.4,125,2.0,0.18,9.45050826e-07
0.4,0.4,125,2.0,0.18,9.45050826e-07
0.6,0.4,125,2.0,0.18,9.45050826e-07
0.8,0.4,125,2.0,0.18,0.0289241139
1.0,0.4,125,2.0,0.18,0.11649286
1.2,0.4,125,2.0,0.18,0.23378539
1.4,0.4,125,2.0,0.18,0.35107929499999996
1.6,0.4,125,2.0,0.18,0.46837320000000005
1.8,0.4,125,2.0,0.18,0.585667106
0.0,0.6,125,2.0,0.18,9.45250826e-07
0.2,0.6,125,2.0,0.18,9.45250826e-07
0.4,0.6,125,2.0,0.18,9.45250826e-07
0.6,0.6,125,2.0,0.18,9.45250826e-07
0.8,0.6,125,2.0,0.18,0.0290388886
1.0,0.6,125,2.0,0.18,0.11695513
1.2,0.6,125,2.0,0.18,0.263751049
1.4,0.6,125,2.0,0.18,0.440388704
1.6,0.6,125,2.0,0.18,0.61702774
1.8,0.6,125,2.0,0.18,0.793666776
0.0,0.8,125,2.0,0.18,9.454508260000001e-07
0.2,0.8,125,2.0,0.18,9.454508260000001e-07
0.4,0.8,125,2.0,0.18,9.454508260000001e-07
0.6,0.8,125,2.0,0.18,9.454508260000001e-07
0.8,0.8,125,2.0,0.18,0.0291536632
1.0,0.8,125,2.0,0.18,0.11741739899999999
1.2,0.8,125,2.0,0.18,0.26479354
1.4,0.8,125,2.0,0.18,0.471282085
1.6,0.8,125,2.0,0.18,0.707730318
1.8,0.8,125,2.0,0.18,0.944179936
0.0,1.0,125,2.0,0.18,9.456508259999999e-07
0.2,1.0,125,2.0,0.18,9.456508259999999e-07
0.4,1.0,125,2.0,0.18,9.456508259999999e-07
0.6,1.0,125,2.0,0.18,9.456508259999999e-07
0.8,1.0,125,2.0,0.18,0.029268437900000003
1.0,1.0,125,2.0,0.18,0.11787966899999999
1.2,1.0,125,2.0,0.18,0.26583603100000003
1.4,1.0,125,2.0,0.18,0.473137523
1.6,1.0,125,2.0,0.18,0.739784146
1.8,1.0,125,2.0,0.18,1.0365084100000002
0.0,1.2,125,2.0,0.18,9.45850826e-07
0.2,1.2,125,2.0,0.18,9.45850826e-07
0.4,1.2,125,2.0,0.18,9.45850826e-07
0.6,1.2,125,2.0,0.18,9.45850826e-07
0.8,1.2,125,2.0,0.18,0.0293832126
1.0,1.2,125,2.0,0.18,0.118341939
1.2,1.2,125,2.0,0.18,0.266878521
1.4,1.2,125,2.0,0.18,0.474992961
1.6,1.2,125,2.0,0.18,0.742685257
1.8,1.2,125,2.0,0.18,1.06995541
0.0,1.4,125,2.0,0.18,9.460508260000001e-07
0.2,1.4,125,2.0,0.18,9.460508260000001e-07
0.4,1.4,125,2.0,0.18,9.460508260000001e-07
0.6,1.4,125,2.0,0.18,9.460508260000001e-07
0.8,1.4,125,2.0,0.18,0.0294979873
1.0,1.4,125,2.0,0.18,0.11880420800000001
1.2,1.4,125,2.0,0.18,0.267921012
1.4,1.4,125,2.0,0.18,0.47684839900000003
1.6,1.4,125,2.0,0.18,0.745586368
1.8,1.4,125,2.0,0.18,1.07413492
0.0,1.6,125,2.0,0.18,9.462508259999999e-07
0.2,1.6,125,2.0,0.18,9.462508259999999e-07
0.4,1.6,125,2.0,0.18,9.462508259999999e-07
0.6,1.6,125,2.0,0.18,9.462508259999999e-07
0.8,1.6,125,2.0,0.18,0.0296127619
1.0,1.6,125,2.0,0.18,0.119266478
1.2,1.6,125,2.0,0.18,0.268963503
1.4,1.6,125,2.0,0.18,0.478703836
1.6,1.6,125,2.0,0.18,0.748487479
1.8,1.6,125,2.0,0.18,1.07831443
0.0,1.8,125,2.0,0.18,9.46450826e-07
0.2,1.8,125,2.0,0.18,9.46450826e-07
0.4,1.8,125,2.0,0.18,9.46450826e-07
0.6,1.8,125,2.0,0.18,9.46450826e-07
0.8,1.8,125,2.0,0.18,0.0297275366
1.0,1.8,125,2.0,0.18,0.119728748
1.2,1.8,125,2.0,0.18,0.270005994
1.4,1.8,125,2.0,0.18,0.48055927400000004
1.6,1.8,125,2.0,0.18,0.751388589
1.8,1.8,125,2.0,0.18,1.08249394
0.0,0.0,125,2.0,0.5,-0.0
0.2,0.0,125,2.0,0.5,-0.0
0.4,0.0,125,2.0,0.5,-0.0
0.6,0.0,125,2.0,0.5,-0.0
0.8,0.0,125,2.0,0.5,-0.0
1.0,0.0,125,2.0,0.5,-0.0
1.2,0.0,125,2.0,0.5,-0.0
1.4,0.0,125,2.0,0.5,-0.0
1.6,0.0,125,2.0,0.5,-0.0
1.8,0.0,125,2.0,0.5,-0.0
0.0,0.2,125,2.0,0.5,9.448508260000001e-07
0.2,0.2,125,2.0,0.5,9.448508260000001e-07
0.4,0.2,125,2.0,0.5,9.448508260000001e-07
0.6,0.2,125,2.0,0.5,9.448508260000001e-07
0.8,0.2,125,2.0,0.5,0.0103719668
1.0,0.2,125,2.0,0.5,0.0314005952
1.2,0.2,125,2.0,0.5,0.0524297168
1.4,0.2,125,2.0,0.5,0.0734588384
1.6,0.2,125,2.0,0.5,0.09448796000000001
1.8,0.2,125,2.0,0.5,0.115517082
0.0,0.4,125,2.0,0.5,9.45050826e-07
0.2,0.4,125,2.0,0.5,9.45050826e-07
0.4,0.4,125,2.0,0.5,9.45050826e-07
0.6,0.4,125,2.0,0.5,9.45050826e-07
0.8,0.4,125,2.0,0.5,0.0104132858
1.0,0.4,125,2.0,0.5,0.0419380344
1.2,0.4,125,2.0,0.5,0.0841633451
1.4,0.4,125,2.0,0.5,0.126389151
1.6,0.4,125,2.0,0.5,0.168614957
1.8,0.4,125,2.0,0.5,0.210840763
0.0,0.6,125,2.0,0.5,9.45250826e-07
0.2,0.6,125,2.0,0.5,9.45250826e-07
0.4,0.6,125,2.0,0.5,9.45250826e-07
0.6,0.6,125,2.0,0.5,9.45250826e-07
0.8,0.6,125,2.0,0.5,0.0104546048
1.0,0.6,125,2.0,0.5,0.0421044516
1.2,0.6,125,2.0,0.5,0.0949509827
1.4,0.6,125,2.0,0.5,0.158540538
1.6,0.6,125,2.0,0.5,0.22213059100000002
1.8,0.6,125,2.0,0.5,0.285720644
0.0,0.8,125,2.0,0.5,9.454508260000001e-07
0.2,0.8,125,2.0,0.5,9.454508260000001e-07
0.4,0.8,125,2.0,0.5,9.454508260000001e-07
0.6,0.8,125,2.0,0.5,9.454508260000001e-07
0.8,0.8,125,2.0,0.5,0.010495923899999999
1.0,0.8,125,2.0,0.5,0.0422708688
1.2,0.8,125,2.0,0.5,0.0953262794
1.4,0.8,125,2.0,0.5,0.169662156
1.6,0.8,125,2.0,0.5,0.254783519
1.8,0.8,125,2.0,0.5,0.339905382
0.0,1.0,125,2.0,0.5,9.456508259999999e-07
0.2,1.0,125,2.0,0.5,9.456508259999999e-07
0.4,1.0,125,2.0,0.5,9.456508259999999e-07
0.6,1.0,125,2.0,0.5,9.456508259999999e-07
0.8,1.0,125,2.0,0.5,0.0105372429
1.0,1.0,125,2.0,0.5,0.042437286000000005
1.2,1.0,125,2.0,0.5,0.0957015762
1.4,1.0,125,2.0,0.5,0.170330114
1.6,1.0,125,2.0,0.5,0.266322898
1.8,1.0,125,2.0,0.5,0.373143632
0.0,1.2,125,2.0,0.5,9.45850826e-07
0.2,1.2,125,2.0,0.5,9.45850826e-07
0.4,1.2,125,2.0,0.5,9.45850826e-07
0.6,1.2,125,2.0,0.5,9.45850826e-07
0.8,1.2,125,2.0,0.5,0.0105785619
1.0,1.2,125,2.0,0.5,0.042603703199999995
1.2,1.2,125,2.0,0.5,0.09607687300000001
1.4,1.2,125,2.0,0.5,0.170998071
1.6,1.2,125,2.0,0.5,0.26736729800000003
1.8,1.2,125,2.0,0.5,0.38518455300000004
0.0,1.4,125,2.0,0.5,9.460508260000001e-07
0.2,1.4,125,2.0,0.5,9.460508260000001e-07
0.4,1.4,125,2.0,0.5,9.460508260000001e-07
0.6,1.4,125,2.0,0.5,9.460508260000001e-07
0.8,1.4,125,2.0,0.5,0.0106198809
1.0,1.4,125,2.0,0.5,0.0427701205
1.2,1.4,125,2.0,0.5,0.0964521698
1.4,1.4,125,2.0,0.5,0.171666029
1.6,1.4,125,2.0,0.5,0.26841169800000003
1.8,1.4,125,2.0,0.5,0.386689177
0.0,1.6,125,2.0,0.5,9.462508259999999e-07
0.2,1.6,125,2.0,0.5,9.462508259999999e-07
0.4,1.6,125,2.0,0.5,9.462508259999999e-07
0.6,1.6,125,2.0,0.5,9.462508259999999e-07
0.8,1.6,125,2.0,0.5,0.010661199900000001
1.0,1.6,125,2.0,0.5,0.0429365377
1.2,1.6,125,2.0,0.5,0.0968274666
1.4,1.6,125,2.0,0.5,0.172333987
1.6,1.6,125,2.0,0.5,0.269456098
1.8,1.6,125,2.0,0.5,0.3881938
0.0,1.8,125,2.0,0.5,9.46450826e-07
0.2,1.8,125,2.0,0.5,9.46450826e-07
0.4,1.8,125,2.0,0.5,9.46450826e-07
0.6,1.8,125,2.0,0.5,9.46450826e-07
0.8,1.8,125,2.0,0.5,0.0107025189
1.0,1.8,125,2.0,0.5,0.043102954900000004
1.2,1.8,125,2.0,0.5,0.0972027634
1.4,1.8,125,2.0,0.5,0.173001944
1.6,1.8,125,2.0,0.5,0.270500498
1.8,1.8,125,2.0,0.5,0.389698424
0.0,0.0,125,2.0,1.0,-0.0
0.2,0.0,125,2.0,1.0,-0.0
0.4,0.0,125,2.0,1.0,-0.0
0.6,0.0,125,2.0,1.0,-0.0
0.8,0.0,125,2.0,1.0,-0.0
1.0,0.0,125,2.0,1.0,-0.0
1.2,0.0,125,2.0,1.0,-0.0
1.4,0.0,125,2.0,1.0,-0.0
1.6,0.0,125,2.0,1.0,-0.0
1.8,0.0,125,2.0,1.0,-0.0
0.0,0.2,125,2.0,1.0,9.448508260000001e-07
0.2,0.2,125,2.0,1.0,9.448508260000001e-07
0.4,0.2,125,2.0,1.0,9.448508260000001e-07
0.6,0.2,125,2.0,1.0,9.448508260000001e-07
0.8,0.2,125,2.0,1.0,0.0051864558300000006
1.0,0.2,125,2.0,1.0,0.01570077
1.2,0.2,125,2.0,1.0,0.026215330800000002
1.4,0.2,125,2.0,1.0,0.0367298916
1.6,0.2,125,2.0,1.0,0.0472444524
1.8,0.2,125,2.0,1.0,0.0577590132
0.0,0.4,125,2.0,1.0,9.45050826e-07
0.2,0.4,125,2.0,1.0,9.45050826e-07
0.4,0.4,125,2.0,1.0,9.45050826e-07
0.6,0.4,125,2.0,1.0,9.45050826e-07
0.8,0.4,125,2.0,1.0,0.00520711544
1.0,0.4,125,2.0,1.0,0.0209694897
1.2,0.4,125,2.0,1.0,0.0420821451
1.4,0.4,125,2.0,1.0,0.063195048
1.6,0.4,125,2.0,1.0,0.084307951
1.8,0.4,125,2.0,1.0,0.10542085400000001
0.0,0.6,125,2.0,1.0,9.45250826e-07
0.2,0.6,125,2.0,1.0,9.45250826e-07
0.4,0.6,125,2.0,1.0,9.45250826e-07
0.6,0.6,125,2.0,1.0,9.45250826e-07
0.8,0.6,125,2.0,1.0,0.00522777504
1.0,0.6,125,2.0,1.0,0.0210526984
1.2,0.6,125,2.0,1.0,0.047475963999999996
1.4,0.6,125,2.0,1.0,0.0792707419
1.6,0.6,125,2.0,1.0,0.11106576800000001
1.8,0.6,125,2.0,1.0,0.14286079499999998
0.0,0.8,125,2.0,1.0,9.454508260000001e-07
0.2,0.8,125,2.0,1.0,9.454508260000001e-07
0.4,0.8,125,2.0,1.0,9.454508260000001e-07
0.6,0.8,125,2.0,1.0,9.454508260000001e-07
0.8,0.8,125,2.0,1.0,0.00524843465
1.0,0.8,125,2.0,1.0,0.0211359071
1.2,0.8,125,2.0,1.0,0.0476636124
1.4,0.8,125,2.0,1.0,0.0848315506
1.6,0.8,125,2.0,1.0,0.12739223200000002
1.8,0.8,125,2.0,1.0,0.169953164
0.0,1.0,125,2.0,1.0,9.456508259999999e-07
0.2,1.0,125,2.0,1.0,9.456508259999999e-07
0.4,1.0,125,2.0,1.0,9.456508259999999e-07
0.6,1.0,125,2.0,1.0,9.456508259999999e-07
0.8,1.0,125,2.0,1.0,0.00526909426
1.0,1.0,125,2.0,1.0,0.021219115799999997
1.2,1.0,125,2.0,1.0,0.047851260900000005
1.4,1.0,125,2.0,1.0,0.08516552960000001
1.6,1.0,125,2.0,1.0,0.133161922
1.8,1.0,125,2.0,1.0,0.186572289
0.0,1.2,125,2.0,1.0,9.45850826e-07
0.2,1.2,125,2.0,1.0,9.45850826e-07
0.4,1.2,125,2.0,1.0,9.45850826e-07
0.6,1.2,125,2.0,1.0,9.45850826e-07
0.8,1.2,125,2.0,1.0,0.0052897538599999995
1.0,1.2,125,2.0,1.0,0.0213023245
1.2,1.2,125,2.0,1.0,0.0480389094
1.4,1.2,125,2.0,1.0,0.0854995085
1.6,1.2,125,2.0,1.0,0.133684122
1.8,1.2,125,2.0,1.0,0.19259274899999998
0.0,1.4,125,2.0,1.0,9.460508260000001e-07
0.2,1.4,125,2.0,1.0,9.460508260000001e-07
0.4,1.4,125,2.0,1.0,9.460508260000001e-07
0.6,1.4,125,2.0,1.0,9.460508260000001e-07
0.8,1.4,125,2.0,1.0,0.00531041347
1.0,1.4,125,2.0,1.0,0.0213855333
1.2,1.4,125,2.0,1.0,0.048226557899999994
1.4,1.4,125,2.0,1.0,0.0858334875
1.6,1.4,125,2.0,1.0,0.13420632200000002
1.8,1.4,125,2.0,1.0,0.193345061
0.0,1.6,125,2.0,1.0,9.462508259999999e-07
0.2,1.6,125,2.0,1.0,9.462508259999999e-07
0.4,1.6,125,2.0,1.0,9.462508259999999e-07
0.6,1.6,125,2.0,1.0,9.462508259999999e-07
0.8,1.6,125,2.0,1.0,0.00533107308
1.0,1.6,125,2.0,1.0,0.021468742000000002
1.2,1.6,125,2.0,1.0,0.0484142064
1.4,1.6,125,2.0,1.0,0.0861674665
1.6,1.6,125,2.0,1.0,0.134728522
1.8,1.6,125,2.0,1.0,0.19409737300000002
0.0,1.8,125,2.0,1.0,9.46450826e-07
0.2,1.8,125,2.0,1.0,9.46450826e-07
0.4,1.8,125,2.0,1.0,9.46450826e-07
0.6,1.8,125,2.0,1.0,9.46450826e-07
0.8,1.8,125,2.0,1.0,0.0053517326799999996
1.0,1.8,125,2.0,1.0,0.0215519507
1.2,1.8,125,2.0,1.0,0.0486018549
1.4,1.8,125,2.0,1.0,0.08650144539999999
1.6,1.8,125,2.0,1.0,0.135250722
1.8,1.8,125,2.0,1.0,0.194849685
0.0,0.0,125,5.0,0.18,-0.0
0.2,0.0,125,5.0,0.18,-0.0
0.4,0.0,125,5.0,0.18,-0.0
0.6,0.0,125,5.0,0.18,-0.0
0.8,0.0,125,5.0,0.18,-0.0
1.0,0.0,125,5.0,0.18,-0.0
1.2,0.0,125,5.0,0.18,-0.0
1.4,0.0,125,5.0,0.18,-0.0
1.6,0.0,125,5.0,0.18,-0.0
1.8,0.0,125,5.0,0.18,-0.0
0.0,0.2,125,5.0,0.18,9.448508260000001e-07
0.2,0.2,125,5.0,0.18,9.448508260000001e-07
0.4,0.2,125,5.0,0.18,9.448508260000001e-07
0.6,0.2,125,5.0,0.18,9.448508260000001e-07
0.8,0.2,125,5.0,0.18,0.0720219307
1.0,0.2,125,5.0,0.18,0.21805407200000002
1.2,0.2,125,5.0,0.18,0.364089639
1.4,0.2,125,5.0,0.18,0.510125206
1.6,0.2,125,5.0,0.18,0.656160772
1.8,0.2,125,5.0,0.18,0.802196339
0.0,0.4,125,5.0,0.18,9.45050826e-07
0.2,0.4,125,5.0,0.18,9.45050826e-07
0.4,0.4,125,5.0,0.18,9.45050826e-07
0.6,0.4,125,5.0,0.18,9.45050826e-07
0.8,0.4,125,5.0,0.18,0.0723088671
1.0,0.4,125,5.0,0.18,0.291230732
1.2,0.4,125,5.0,0.18,0.584462056
1.4,0.4,125,5.0,0.18,0.87769682
1.6,0.4,125,5.0,0.18,1.17093158
1.8,0.4,125,5.0,0.18,1.46416635
0.0,0.6,125,5.0,0.18,9.45250826e-07
0.2,0.6,125,5.0,0.18,9.45250826e-07
0.4,0.6,125,5.0,0.18,9.45250826e-07
0.6,0.6,125,5.0,0.18,9.45250826e-07
0.8,0.6,125,5.0,0.18,0.0725958035
1.0,0.6,125,5.0,0.18,0.292386406
1.2,0.6,125,5.0,0.18,0.6593762049999999
1.4,0.6,125,5.0,0.18,1.1009703400000002
1.6,0.6,125,5.0,0.18,1.5425679300000001
1.8,0.6,125,5.0,0.18,1.9841655200000001
0.0,0.8,125,5.0,0.18,9.454508260000001e-07
0.2,0.8,125,5.0,0.18,9.454508260000001e-07
0.4,0.8,125,5.0,0.18,9.454508260000001e-07
0.6,0.8,125,5.0,0.18,9.454508260000001e-07
0.8,0.8,125,5.0,0.18,0.07288273990000001
1.0,0.8,125,5.0,0.18,0.29354208
1.2,0.8,125,5.0,0.18,0.661982432
1.4,0.8,125,5.0,0.18,1.1782038
1.6,0.8,125,5.0,0.18,1.76932438
1.8,0.8,125,5.0,0.18,2.36044842
0.0,1.0,125,5.0,0.18,9.456508259999999e-07
0.2,1.0,125,5.0,0.18,9.456508259999999e-07
0.4,1.0,125,5.0,0.18,9.456508259999999e-07
0.6,1.0,125,5.0,0.18,9.456508259999999e-07
0.8,1.0,125,5.0,0.18,0.0731696763
1.0,1.0,125,5.0,0.18,0.294697754
1.2,1.0,125,5.0,0.18,0.664588658
1.4,1.0,125,5.0,0.18,1.18284239
1.6,1.0,125,5.0,0.18,1.8494589499999998
1.8,1.0,125,5.0,0.18,2.5912696
0.0,1.2,125,5.0,0.18,9.45850826e-07
0.2,1.2,125,5.0,0.18,9.45850826e-07
0.4,1.2,125,5.0,0.18,9.45850826e-07
0.6,1.2,125,5.0,0.18,9.45850826e-07
0.8,1.2,125,5.0,0.18,0.07345661269999999
1.0,1.2,125,5.0,0.18,0.29585342800000003
1.2,1.2,125,5.0,0.18,0.667194885
1.4,1.2,125,5.0,0.18,1.1874809800000001
1.6,1.2,125,5.0,0.18,1.85671172
1.8,1.2,125,5.0,0.18,2.67488711
0.0,1.4,125,5.0,0.18,9.460508260000001e-07
0.2,1.4,125,5.0,0.18,9.460508260000001e-07
0.4,1.4,125,5.0,0.18,9.460508260000001e-07
0.6,1.4,125,5.0,0.18,9.460508260000001e-07
0.8,1.4,125,5.0,0.18,0.0737435491
1.0,1.4,125,5.0,0.18,0.297009102
1.2,1.4,125,5.0,0.18,0.6698011110000001
1.4,1.4,125,5.0,0.18,1.19211958
1.6,1.4,125,5.0,0.18,1.8639645
1.8,1.4,125,5.0,0.18,2.6853358800000002
0.0,1.6,125,5.0,0.18,9.462508259999999e-07
0.2,1.6,125,5.0,0.18,9.462508259999999e-07
0.4,1.6,125,5.0,0.18,9.462508259999999e-07
0.6,1.6,125,5.0,0.18,9.462508259999999e-07
0.8,1.6,125,5.0,0.18,0.0740304855
1.0,1.6,125,5.0,0.18,0.298164776
1.2,1.6,125,5.0,0.18,0.6724073380000001
1.4,1.6,125,5.0,0.18,1.19675817
1.6,1.6,125,5.0,0.18,1.87121728
1.8,1.6,125,5.0,0.18,2.6957846500000002
0.0,1.8,125,5.0,0.18,9.46450826e-07
0.2,1.8,125,5.0,0.18,9.46450826e-07
0.4,1.8,125,5.0,0.18,9.46450826e-07
0.6,1.8,125,5.0,0.18,9.46450826e-07
0.8,1.8,125,5.0,0.18,0.0743174219
1.0,1.8,125,5.0,0.18,0.29932045
1.2,1.8,125,5.0,0.18,0.675013564
1.4,1.8,125,5.0,0.18,1.20139677
1.6,1.8,125,5.0,0.18,1.87847005
1.8,1.8,125,5.0,0.18,2.70623343
0.0,0.0,125,5.0,0.5,-0.0
0.2,0.0,125,5.0,0.5,-0.0
0.4,0.0,125,5.0,0.5,-0.0
0.6,0.0,125,5.0,0.5,-0.0
0.8,0.0,125,5.0,0.5,-0.0
1.0,0.0,125,5.0,0.5,-0.0
1.2,0.0,125,5.0,0.5,-0.0
1.4,0.0,125,5.0,0.5,-0.0
1.6,0.0,125,5.0,0.5,-0.0
1.8,0.0,125,5.0,0.5,-0.0
0.0,0.2,125,5.0,0.5,9.448508260000001e-07
0.2,0.2,125,5.0,0.5,9.448508260000001e-07
0.4,0.2,125,5.0,0.5,9.448508260000001e-07
0.6,0.2,125,5.0,0.5,9.448508260000001e-07
0.8,0.2,125,5.0,0.5,0.0259284998
1.0,0.2,125,5.0,0.5,0.0785000707
1.2,0.2,125,5.0,0.5,0.131072875
1.4,0.2,125,5.0,0.5,0.18364567899999998
1.6,0.2,125,5.0,0.5,0.236218483
1.8,0.2,125,5.0,0.5,0.288791287
0.0,0.4,125,5.0,0.5,9.45050826e-07
0.2,0.4,125,5.0,0.5,9.45050826e-07
0.4,0.4,125,5.0,0.5,9.45050826e-07
0.6,0.4,125,5.0,0.5,9.45050826e-07
0.8,0.4,125,5.0,0.5,0.026031797
1.0,0.4,125,5.0,0.5,0.104843668
1.2,0.4,125,5.0,0.5,0.21040694499999998
1.4,0.4,125,5.0,0.5,0.31597146000000004
1.6,0.4,125,5.0,0.5,0.421535975
1.8,0.4,125,5.0,0.5,0.5271004899999999
0.0,0.6,125,5.0,0.5,9.45250826e-07
0.2,0.6,125,5.0,0.5,9.45250826e-07
0.4,0.6,125,5.0,0.5,9.45250826e-07
0.6,0.6,125,5.0,0.5,9.45250826e-07
0.8,0.6,125,5.0,0.5,0.0261350942
1.0,0.6,125,5.0,0.5,0.10525971099999999
1.2,0.6,125,5.0,0.5,0.237376039
1.4,0.6,125,5.0,0.5,0.39634992799999996
1.6,0.6,125,5.0,0.5,0.555325061
1.8,0.6,125,5.0,0.5,0.7143001929999999
0.0,0.8,125,5.0,0.5,9.454508260000001e-07
0.2,0.8,125,5.0,0.5,9.454508260000001e-07
0.4,0.8,125,5.0,0.5,9.454508260000001e-07
0.6,0.8,125,5.0,0.5,9.454508260000001e-07
0.8,0.8,125,5.0,0.5,0.0262383915
1.0,0.8,125,5.0,0.5,0.105675754
1.2,0.8,125,5.0,0.5,0.23831428
1.4,0.8,125,5.0,0.5,0.424153971
1.6,0.8,125,5.0,0.5,0.6369573799999999
1.8,0.8,125,5.0,0.5,0.849762037
0.0,1.0,125,5.0,0.5,9.456508259999999e-07
0.2,1.0,125,5.0,0.5,9.456508259999999e-07
0.4,1.0,125,5.0,0.5,9.456508259999999e-07
0.6,1.0,125,5.0,0.5,9.456508259999999e-07
0.8,1.0,125,5.0,0.5,0.0263416887
1.0,1.0,125,5.0,0.5,0.106091797
1.2,1.0,125,5.0,0.5,0.239252522
1.4,1.0,125,5.0,0.5,0.42582386499999997
1.6,1.0,125,5.0,0.5,0.6658058259999999
1.8,1.0,125,5.0,0.5,0.932857662
0.0,1.2,125,5.0,0.5,9.45850826e-07
0.2,1.2,125,5.0,0.5,9.45850826e-07
0.4,1.2,125,5.0,0.5,9.45850826e-07
0.6,1.2,125,5.0,0.5,9.45850826e-07
0.8,1.2,125,5.0,0.5,0.0264449859
1.0,1.2,125,5.0,0.5,0.10650783899999999
1.2,1.2,125,5.0,0.5,0.240190764
1.4,1.2,125,5.0,0.5,0.427493759
1.6,1.2,125,5.0,0.5,0.668416826
1.8,1.2,125,5.0,0.5,0.9629599630000001
0.0,1.4,125,5.0,0.5,9.460508260000001e-07
0.2,1.4,125,5.0,0.5,9.460508260000001e-07
0.4,1.4,125,5.0,0.5,9.460508260000001e-07
0.6,1.4,125,5.0,0.5,9.460508260000001e-07
0.8,1.4,125,5.0,0.5,0.0265482831
1.0,1.4,125,5.0,0.5,0.10692388200000001
1.2,1.4,125,5.0,0.5,0.241129005
1.4,1.4,125,5.0,0.5,0.429163653
1.6,1.4,125,5.0,0.5,0.671027826
1.8,1.4,125,5.0,0.5,0.966721522
0.0,1.6,125,5.0,0.5,9.462508259999999e-07
0.2,1.6,125,5.0,0.5,9.462508259999999e-07
0.4,1.6,125,5.0,0.5,9.462508259999999e-07
0.6,1.6,125,5.0,0.5,9.462508259999999e-07
0.8,1.6,125,5.0,0.5,0.0266515804
1.0,1.6,125,5.0,0.5,0.107339925
1.2,1.6,125,5.0,0.5,0.24206724699999999
1.4,1.6,125,5.0,0.5,0.43083354700000004
1.6,1.6,125,5.0,0.5,0.673638825
1.8,1.6,125,5.0,0.5,0.9704830809999999
0.0,1.8,125,5.0,0.5,9.46450826e-07
0.2,1.8,125,5.0,0.5,9.46450826e-07
0.4,1.8,125,5.0,0.5,9.46450826e-07
0.6,1.8,125,5.0,0.5,9.46450826e-07
0.8,1.8,125,5.0,0.5,0.0267548776
1.0,1.8,125,5.0,0.5,0.107755968
1.2,1.8,125,5.0,0.5,0.243005489
1.4,1.8,125,5.0,0.5,0.432503441
1.6,1.8,125,5.0,0.5,0.6762498250000001
1.8,1.8,125,5.0,0.5,0.97424464
0.0,0.0,125,5.0,1.0,-0.0
0.2,0.0,125,5.0,1.0,-0.0
0.4,0.0,125,5.0,1.0,-0.0
0.6,0.0,125,5.0,1.0,-0.0
0.8,0.0,125,5.0,1.0,-0.0
1.0,0.0,125,5.0,1.0,-0.0
1.2,0.0,125,5.0,1.0,-0.0
1.4,0.0,125,5.0,1.0,-0.0
1.6,0.0,125,5.0,1.0,-0.0
1.8,0.0,125,5.0,1.0,-0.0
0.0,0.2,125,5.0,1.0,9.448508260000001e-07
0.2,0.2,125,5.0,1.0,9.448508260000001e-07
0.4,0.2,125,5.0,1.0,9.448508260000001e-07
0.6,0.2,125,5.0,1.0,9.448508260000001e-07
0.8,0.2,125,5.0,1.0,0.0129647223
1.0,0.2,125,5.0,1.0,0.0392505078
1.2,0.2,125,5.0,1.0,0.0655369098
1.4,0.2,125,5.0,1.0,0.0918233118
1.6,0.2,125,5.0,1.0,0.11810971399999999
1.8,0.2,125,5.0,1.0,0.144396116
0.0,0.4,125,5.0,1.0,9.45050826e-07
0.2,0.4,125,5.0,1.0,9.45050826e-07
0.4,0.4,125,5.0,1.0,9.45050826e-07
0.6,0.4,125,5.0,1.0,9.45050826e-07
0.8,0.4,125,5.0,1.0,0.013016371
1.0,0.4,125,5.0,1.0,0.0524223067
1.2,0.4,125,5.0,1.0,0.105203945
1.4,0.4,125,5.0,1.0,0.157986203
1.6,0.4,125,5.0,1.0,0.21076846
1.8,0.4,125,5.0,1.0,0.263550717
0.0,0.6,125,5.0,1.0,9.45250826e-07
0.2,0.6,125,5.0,1.0,9.45250826e-07
0.4,0.6,125,5.0,1.0,9.45250826e-07
0.6,0.6,125,5.0,1.0,9.45250826e-07
0.8,0.6,125,5.0,1.0,0.0130680197
1.0,0.6,125,5.0,1.0,0.0526303282
1.2,0.6,125,5.0,1.0,0.11868849199999999
1.4,0.6,125,5.0,1.0,0.19817543699999998
1.6,0.6,125,5.0,1.0,0.27766300299999996
1.8,0.6,125,5.0,1.0,0.357150569
0.0,0.8,125,5.0,1.0,9.454508260000001e-07
0.2,0.8,125,5.0,1.0,9.454508260000001e-07
0.4,0.8,125,5.0,1.0,9.454508260000001e-07
0.6,0.8,125,5.0,1.0,9.454508260000001e-07
0.8,0.8,125,5.0,1.0,0.013119668499999999
1.0,0.8,125,5.0,1.0,0.0528383496
1.2,0.8,125,5.0,1.0,0.119157613
1.4,0.8,125,5.0,1.0,0.212077458
1.6,0.8,125,5.0,1.0,0.318479163
1.8,0.8,125,5.0,1.0,0.424881491
0.0,1.0,125,5.0,1.0,9.456508259999999e-07
0.2,1.0,125,5.0,1.0,9.456508259999999e-07
0.4,1.0,125,5.0,1.0,9.456508259999999e-07
0.6,1.0,125,5.0,1.0,9.456508259999999e-07
0.8,1.0,125,5.0,1.0,0.0131713172
1.0,1.0,125,5.0,1.0,0.0530463711
1.2,1.0,125,5.0,1.0,0.119626734
1.4,1.0,125,5.0,1.0,0.212912405
1.6,1.0,125,5.0,1.0,0.33290338599999997
1.8,1.0,125,5.0,1.0,0.466429304
0.0,1.2,125,5.0,1.0,9.45850826e-07
0.2,1.2,125,5.0,1.0,9.45850826e-07
0.4,1.2,125,5.0,1.0,9.45850826e-07
0.6,1.2,125,5.0,1.0,9.45850826e-07
0.8,1.2,125,5.0,1.0,0.013222965900000001
1.0,1.2,125,5.0,1.0,0.0532543926
1.2,1.2,125,5.0,1.0,0.12009585499999999
1.4,1.2,125,5.0,1.0,0.213747353
1.6,1.2,125,5.0,1.0,0.334208886
1.8,1.2,125,5.0,1.0,0.481480455
0.0,1.4,125,5.0,1.0,9.460508260000001e-07
0.2,1.4,125,5.0,1.0,9.460508260000001e-07
0.4,1.4,125,5.0,1.0,9.460508260000001e-07
0.6,1.4,125,5.0,1.0,9.460508260000001e-07
0.8,1.4,125,5.0,1.0,0.0132746146
1.0,1.4,125,5.0,1.0,0.0534624141
1.2,1.4,125,5.0,1.0,0.12056497599999999
1.4,1.4,125,5.0,1.0,0.2145823
1.6,1.4,125,5.0,1.0,0.335514386
1.8,1.4,125,5.0,1.0,0.48336123400000003
0.0,1.6,125,5.0,1.0,9.462508259999999e-07
0.2,1.6,125,5.0,1.0,9.462508259999999e-07
0.4,1.6,125,5.0,1.0,9.462508259999999e-07
0.6,1.6,125,5.0,1.0,9.462508259999999e-07
0.8,1.6,125,5.0,1.0,0.0133262633
1.0,1.6,125,5.0,1.0,0.0536704355
1.2,1.6,125,5.0,1.0,0.121034097
1.4,1.6,125,5.0,1.0,0.21541724699999998
1.6,1.6,125,5.0,1.0,0.336819886
1.8,1.6,125,5.0,1.0,0.485242014
0.0,1.8,125,5.0,1.0,9.46450826e-07
0.2,1.8,125,5.0,1.0,9.46450826e-07
0.4,1.8,125,5.0,1.0,9.46450826e-07
0.6,1.8,125,5.0,1.0,9.46450826e-07
0.8,1.8,125,5.0,1.0,0.013377912
1.0,1.8,125,5.0,1.0,0.053878457
1.2,1.8,125,5.0,1.0,0.121503218
1.4,1.8,125,5.0,1.0,0.216252194
1.6,1.8,125,5.0,1.0,0.338125386
1.8,1.8,125,5.0,1.0,0.487122793
0.0,0.0,125,10.0,0.18,-0.0
0.2,0.0,125,10.0,0.18,-0.0
0.4,0.0,125,10.0,0.18,-0.0
0.6,0.0,125,10.0,0.18,-0.0
0.8,0.0,125,10.0,0.18,-0.0
1.0,0.0,125,10.0,0.18,-0.0
1.2,0.0,125,10.0,0.18,-0.0
1.4,0.0,125,10.0,0.18,-0.0
1.6,0.0,125,10.0,0.18,-0.0
1.8,0.0,125,10.0,0.18,-0.0
0.0,0.2,125,10.0,0.18,9.448508260000001e-07
0.2,0.2,125,10.0,0.18,9.448508260000001e-07
0.4,0.2,125,10.0,0.18,9.448508260000001e-07
0.6,0.2,125,10.0,0.18,9.448508260000001e-07
0.8,0.2,125,10.0,0.18,0.14404291700000002
1.0,0.2,125,10.0,0.18,0.436107199
1.2,0.2,125,10.0,0.18,0.728178333
1.4,0.2,125,10.0,0.18,1.02024947
1.6,0.2,125,10.0,0.18,1.3123206
1.8,0.2,125,10.0,0.18,1.6043917300000001
0.0,0.4,125,10.0,0.18,9.45050826e-07
0.2,0.4,125,10.0,0.18,9.45050826e-07
0.4,0.4,125,10.0,0.18,9.45050826e-07
0.6,0.4,125,10.0,0.18,9.45050826e-07
0.8,0.4,125,10.0,0.18,0.144616789
1.0,0.4,125,10.0,0.18,0.5824605190000001
1.2,0.4,125,10.0,0.18,1.16892317
1.4,0.4,125,10.0,0.18,1.75539269
1.6,0.4,125,10.0,0.18,2.34186222
1.8,0.4,125,10.0,0.18,2.9283317500000003
0.0,0.6,125,10.0,0.18,9.45250826e-07
0.2,0.6,125,10.0,0.18,9.45250826e-07
0.4,0.6,125,10.0,0.18,9.45250826e-07
0.6,0.6,125,10.0,0.18,9.45250826e-07
0.8,0.6,125,10.0,0.18,0.145190662
1.0,0.6,125,10.0,0.18,0.584771866
1.2,0.6,125,10.0,0.18,1.31875146
1.4,0.6,125,10.0,0.18,2.2019397400000003
1.6,0.6,125,10.0,0.18,3.0851349200000002
1.8,0.6,125,10.0,0.18,3.9683301
0.0,0.8,125,10.0,0.18,9.454508260000001e-07
0.2,0.8,125,10.0,0.18,9.454508260000001e-07
0.4,0.8,125,10.0,0.18,9.454508260000001e-07
0.6,0.8,125,10.0,0.18,9.454508260000001e-07
0.8,0.8,125,10.0,0.18,0.145764534
1.0,0.8,125,10.0,0.18,0.587083214
1.2,0.8,125,10.0,0.18,1.32396392
1.4,0.8,125,10.0,0.18,2.3564066400000003
1.6,0.8,125,10.0,0.18,3.53864781
1.8,0.8,125,10.0,0.18,4.7208959
0.0,1.0,125,10.0,0.18,9.456508259999999e-07
0.2,1.0,125,10.0,0.18,9.456508259999999e-07
0.4,1.0,125,10.0,0.18,9.456508259999999e-07
0.6,1.0,125,10.0,0.18,9.456508259999999e-07
0.8,1.0,125,10.0,0.18,0.146338407
1.0,1.0,125,10.0,0.18,0.589394562
1.2,1.0,125,10.0,0.18,1.32917637
1.4,1.0,125,10.0,0.18,2.36568383
1.6,1.0,125,10.0,0.18,3.69891695
1.8,1.0,125,10.0,0.18,5.18253826
0.0,1.2,125,10.0,0.18,9.45850826e-07
0.2,1.2,125,10.0,0.18,9.45850826e-07
0.4,1.2,125,10.0,0.18,9.45850826e-07
0.6,1.2,125,10.0,0.18,9.45850826e-07
0.8,1.2,125,10.0,0.18,0.14691228
1.0,1.2,125,10.0,0.18,0.5917059100000001
1.2,1.2,125,10.0,0.18,1.3343888199999998
1.4,1.2,125,10.0,0.18,2.37496102
1.6,1.2,125,10.0,0.18,3.7134224999999996
1.8,1.2,125,10.0,0.18,5.34977327
0.0,1.4,125,10.0,0.18,9.460508260000001e-07
0.2,1.4,125,10.0,0.18,9.460508260000001e-07
0.4,1.4,125,10.0,0.18,9.460508260000001e-07
0.6,1.4,125,10.0,0.18,9.460508260000001e-07
0.8,1.4,125,10.0,0.18,0.14748615199999998
1.0,1.4,125,10.0,0.18,0.594017257
1.2,1.4,125,10.0,0.18,1.33960128
1.4,1.4,125,10.0,0.18,2.38423821
1.6,1.4,125,10.0,0.18,3.72792805
1.8,1.4,125,10.0,0.18,5.37067081
0.0,1.6,125,10.0,0.18,9.462508259999999e-07
0.2,1.6,125,10.0,0.18,9.462508259999999e-07
0.4,1.6,125,10.0,0.18,9.462508259999999e-07
0.6,1.6,125,10.0,0.18,9.462508259999999e-07
0.8,1.6,125,10.0,0.18,0.14806002499999998
1.0,1.6,125,10.0,0.18,0.596328605
1.2,1.6,125,10.0,0.18,1.34481373
1.4,1.6,125,10.0,0.18,2.3935153999999996
1.6,1.6,125,10.0,0.18,3.74243361
1.8,1.6,125,10.0,0.18,5.39156836
0.0,1.8,125,10.0,0.18,9.46450826e-07
0.2,1.8,125,10.0,0.18,9.46450826e-07
0.4,1.8,125,10.0,0.18,9.46450826e-07
0.6,1.8,125,10.0,0.18,9.46450826e-07
0.8,1.8,125,10.0,0.18,0.14863389700000001
1.0,1.8,125,10.0,0.18,0.598639953
1.2,1.8,125,10.0,0.18,1.35002618
1.4,1.8,125,10.0,0.18,2.40279258
1.6,1.8,125,10.0,0.18,3.75693916
1.8,1.8,125,10.0,0.18,5.41246591
0.0,0.0,125,10.0,0.5,-0.0
0.2,0.0,125,10.0,0.5,-0.0
0.4,0.0,125,10.0,0.5,-0.0
0.6,0.0,125,10.0,0.5,-0.0
0.8,0.0,125,10.0,0.5,-0.0
1.0,0.0,125,10.0,0.5,-0.0
1.2,0.0,125,10.0,0.5,-0.0
1.4,0.0,125,10.0,0.5,-0.0
1.6,0.0,125,10.0,0.5,-0.0
1.8,0.0,125,10.0,0.5,-0.0
0.0,0.2,125,10.0,0.5,9.448508260000001e-07
0.2,0.2,125,10.0,0.5,9.448508260000001e-07
0.4,0.2,125,10.0,0.5,9.448508260000001e-07
0.6,0.2,125,10.0,0.5,9.448508260000001e-07
0.8,0.2,125,10.0,0.5,0.0518560547
1.0,0.2,125,10.0,0.5,0.156999196
1.2,0.2,125,10.0,0.5,0.262144805
1.4,0.2,125,10.0,0.5,0.36729041300000004
1.6,0.2,125,10.0,0.5,0.472436021
1.8,0.2,125,10.0,0.5,0.577581629
0.0,0.4,125,10.0,0.5,9.45050826e-07
0.2,0.4,125,10.0,0.5,9.45050826e-07
0.4,0.4,125,10.0,0.5,9.45050826e-07
0.6,0.4,125,10.0,0.5,9.45050826e-07
0.8,0.4,125,10.0,0.5,0.0520626489
1.0,0.4,125,10.0,0.5,0.209686392
1.2,0.4,125,10.0,0.5,0.420812945
1.4,0.4,125,10.0,0.5,0.631941975
1.6,0.4,125,10.0,0.5,0.843071005
1.8,0.4,125,10.0,0.5,1.05420003
0.0,0.6,125,10.0,0.5,9.45250826e-07
0.2,0.6,125,10.0,0.5,9.45250826e-07
0.4,0.6,125,10.0,0.5,9.45250826e-07
0.6,0.6,125,10.0,0.5,9.45250826e-07
0.8,0.6,125,10.0,0.5,0.052269243199999996
1.0,0.6,125,10.0,0.5,0.210518477
1.2,0.6,125,10.0,0.5,0.474751132
1.4,0.6,125,10.0,0.5,0.792698911
1.6,0.6,125,10.0,0.5,1.11064918
1.8,0.6,125,10.0,0.5,1.42859944
0.0,0.8,125,10.0,0.5,9.454508260000001e-07
0.2,0.8,125,10.0,0.5,9.454508260000001e-07
0.4,0.8,125,10.0,0.5,9.454508260000001e-07
0.6,0.8,125,10.0,0.5,9.454508260000001e-07
0.8,0.8,125,10.0,0.5,0.052475837500000004
1.0,0.8,125,10.0,0.5,0.211350562
1.2,0.8,125,10.0,0.5,0.476627615
1.4,0.8,125,10.0,0.5,0.848306997
1.6,0.8,125,10.0,0.5,1.27391382
1.8,0.8,125,10.0,0.5,1.69952313
0.0,1.0,125,10.0,0.5,9.456508259999999e-07
0.2,1.0,125,10.0,0.5,9.456508259999999e-07
0.4,1.0,125,10.0,0.5,9.456508259999999e-07
0.6,1.0,125,10.0,0.5,9.456508259999999e-07
0.8,1.0,125,10.0,0.5,0.052682431700000004
1.0,1.0,125,10.0,0.5,0.212182648
1.2,1.0,125,10.0,0.5,0.478504099
1.4,1.0,125,10.0,0.5,0.851646785
1.6,1.0,125,10.0,0.5,1.33161071
1.8,1.0,125,10.0,0.5,1.86571438
0.0,1.2,125,10.0,0.5,9.45850826e-07
0.2,1.2,125,10.0,0.5,9.45850826e-07
0.4,1.2,125,10.0,0.5,9.45850826e-07
0.6,1.2,125,10.0,0.5,9.45850826e-07
0.8,1.2,125,10.0,0.5,0.052889026
1.0,1.2,125,10.0,0.5,0.213014733
1.2,1.2,125,10.0,0.5,0.480380582
1.4,1.2,125,10.0,0.5,0.8549865729999999
1.6,1.2,125,10.0,0.5,1.33683271
1.8,1.2,125,10.0,0.5,1.92591898
0.0,1.4,125,10.0,0.5,9.460508260000001e-07
0.2,1.4,125,10.0,0.5,9.460508260000001e-07
0.4,1.4,125,10.0,0.5,9.460508260000001e-07
0.6,1.4,125,10.0,0.5,9.460508260000001e-07
0.8,1.4,125,10.0,0.5,0.0530956202
1.0,1.4,125,10.0,0.5,0.213846818
1.2,1.4,125,10.0,0.5,0.482257065
1.4,1.4,125,10.0,0.5,0.858326361
1.6,1.4,125,10.0,0.5,1.34205471
1.8,1.4,125,10.0,0.5,1.9334421000000002
0.0,1.6,125,10.0,0.5,9.462508259999999e-07
0.2,1.6,125,10.0,0.5,9.462508259999999e-07
0.4,1.6,125,10.0,0.5,9.462508259999999e-07
0.6,1.6,125,10.0,0.5,9.462508259999999e-07
0.8,1.6,125,10.0,0.5,0.0533022145
1.0,1.6,125,10.0,0.5,0.21467890299999998
1.2,1.6,125,10.0,0.5,0.484133548
1.4,1.6,125,10.0,0.5,0.8616661480000001
1.6,1.6,125,10.0,0.5,1.3472766999999999
1.8,1.6,125,10.0,0.5,1.94096522
0.0,1.8,125,10.0,0.5,9.46450826e-07
0.2,1.8,125,10.0,0.5,9.46450826e-07
0.4,1.8,125,10.0,0.5,9.46450826e-07
0.6,1.8,125,10.0,0.5,9.46450826e-07
0.8,1.8,125,10.0,0.5,0.0535088088
1.0,1.8,125,10.0,0.5,0.21551098900000001
1.2,1.8,125,10.0,0.5,0.48601003099999995
1.4,1.8,125,10.0,0.5,0.865005936
1.6,1.8,125,10.0,0.5,1.3524987
1.8,1.8,125,10.0,0.5,1.94848833
0.0,0.0,125,10.0,1.0,-0.0
0.2,0.0,125,10.0,1.0,-0.0
0.4,0.0,125,10.0,1.0,-0.0
0.6,0.0,125,10.0,1.0,-0.0
0.8,0.0,125,10.0,1.0,-0.0
1.0,0.0,125,10.0,1.0,-0.0
1.2,0.0,125,10.0,1.0,-0.0
1.4,0.0,125,10.0,1.0,-0.0
1.6,0.0,125,10.0,1.0,-0.0
1.8,0.0,125,10.0,1.0,-0.0
0.0,0.2,125,10.0,1.0,9.448508260000001e-07
0.2,0.2,125,10.0,1.0,9.448508260000001e-07
0.4,0.2,125,10.0,1.0,9.448508260000001e-07
0.6,0.2,125,10.0,1.0,9.448508260000001e-07
0.8,0.2,125,10.0,1.0,0.0259284998
1.0,0.2,125,10.0,1.0,0.0785000707
1.2,0.2,125,10.0,1.0,0.131072875
1.4,0.2,125,10.0,1.0,0.18364567899999998
1.6,0.2,125,10.0,1.0,0.236218483
1.8,0.2,125,10.0,1.0,0.288791287
0.0,0.4,125,10.0,1.0,9.45050826e-07
0.2,0.4,125,10.0,1.0,9.45050826e-07
0.4,0.4,125,10.0,1.0,9.45050826e-07
0.6,0.4,125,10.0,1.0,9.45050826e-07
0.8,0.4,125,10.0,1.0,0.026031797
1.0,0.4,125,10.0,1.0,0.104843668
1.2,0.4,125,10.0,1.0,0.21040694499999998
1.4,0.4,125,10.0,1.0,0.31597146000000004
1.6,0.4,125,10.0,1.0,0.421535975
1.8,0.4,125,10.0,1.0,0.5271004899999999
0.0,0.6,125,10.0,1.0,9.45250826e-07
0.2,0.6,125,10.0,1.0,9.45250826e-07
0.4,0.6,125,10.0,1.0,9.45250826e-07
0.6,0.6,125,10.0,1.0,9.45250826e-07
0.8,0.6,125,10.0,1.0,0.0261350942
1.0,0.6,125,10.0,1.0,0.10525971099999999
1.2,0.6,125,10.0,1.0,0.237376039
1.4,0.6,125,10.0,1.0,0.39634992799999996
1.6,0.6,125,10.0,1.0,0.555325061
1.8,0.6,125,10.0,1.0,0.7143001929999999
0.0,0.8,125,10.0,1.0,9.454508260000001e-07
0.2,0.8,125,10.0,1.0,9.454508260000001e-07
0.4,0.8,125,10.0,1.0,9.454508260000001e-07
0.6,0.8,125,10.0,1.0,9.454508260000001e-07
0.8,0.8,125,10.0,1.0,0.0262383915
1.0,0.8,125,10.0,1.0,0.105675754
1.2,0.8,125,10.0,1.0,0.23831428
1.4,0.8,125,10.0,1.0,0.424153971
1.6,0.8,125,10.0,1.0,0.6369573799999999
1.8,0.8,125,10.0,1.0,0.849762037
0.0,1.0,125,10.0,1.0,9.456508259999999e-07
0.2,1.0,125,10.0,1.0,9.456508259999999e-07
0.4,1.0,125,10.0,1.0,9.456508259999999e-07
0.6,1.0,125,10.0,1.0,9.456508259999999e-07
0.8,1.0,125,10.0,1.0,0.0263416887
1.0,1.0,125,10.0,1.0,0.106091797
1.2,1.0,125,10.0,1.0,0.239252522
1.4,1.0,125,10.0,1.0,0.42582386499999997
1.6,1.0,125,10.0,1.0,0.6658058259999999
1.8,1.0,125,10.0,1.0,0.932857662
0.0,1.2,125,10.0,1.0,9.45850826e-07
0.2,1.2,125,10.0,1.0,9.45850826e-07
0.4,1.2,125,10.0,1.0,9.45850826e-07
0.6,1.2,125,10.0,1.0,9.45850826e-07
0.8,1.2,125,10.0,1.0,0.0264449859
1.0,1.2,125,10.0,1.0,0.10650783899999999
1.2,1.2,125,10.0,1.0,0.240190764
1.4,1.2,125,10.0,1.0,0.427493759
1.6,1.2,125,10.0,1.0,0.668416826
1.8,1.2,125,10.0,1.0,0.9629599630000001
0.0,1.4,125,10.0,1.0,9.460508260000001e-07
0.2,1.4,125,10.0,1.0,9.460508260000001e-07
0.4,1.4,125,10.0,1.0,9.460508260000001e-07
0.6,1.4,125,10.0,1.0,9.460508260000001e-07
0.8,1.4,125,10.0,1.0,0.0265482831
1.0,1.4,125,10.0,1.0,0.10692388200000001
1.2,1.4,125,10.0,1.0,0.241129005
1.4,1.4,125,10.0,1.0,0.429163653
1.6,1.4,125,10.0,1.0,0.671027826
1.8,1.4,125,10.0,1.0,0.966721522
0.0,1.6,125,10.0,1.0,9.462508259999999e-07
0.2,1.6,125,10.0,1.0,9.462508259999999e-07
0.4,1.6,125,10.0,1.0,9.462508259999999e-07
0.6,1.6,125,10.0,1.0,9.462508259999999e-07
0.8,1.6,125,10.0,1.0,0.0266515804
1.0,1.6,125,10.0,1.0,0.107339925
1.2,1.6,125,10.0,1.0,0.24206724699999999
1.4,1.6,125,10.0,1.0,0.43083354700000004
1.6,1.6,125,10.0,1.0,0.673638825
1.8,1.6,125,10.0,1.0,0.9704830809999999
0.0,1.8,125,10.0,1.0,9.46450826e-07
0.2,1.8,125,10.0,1.0,9.46450826e-07
0.4,1.8,125,10.0,1.0,9.46450826e-07
0.6,1.8,125,10.0,1.0,9.46450826e-07
0.8,1.8,125,10.0,1.0,0.0267548776
1.0,1.8,125,10.0,1.0,0.107755968
1.2,1.8,125,10.0,1.0,0.243005489
1.4,1.8,125,10.0,1.0,0.432503441
1.6,1.8,125,10.0,1.0,0.6762498250000001
1.8,1.8,125,10.0,1.0,0.97424464
